"","Adaptable","BestValue","CuttingEdge","Delightful","Exciting","Friendly","Generous","Helpful","Intuitive","Brand"
"4",5,5,3,3,4,6,4,5,5,"Romeo"
"5",3,4,2,3,3,3,4,4,4,"Romeo"
"6",5,4,3,3,5,3,4,3,3,"Sierra"
"7",4,2,2,4,2,5,4,3,5,"Papa"
"8",5,4,4,4,4,3,4,3,2,"Sierra"
"9",4,4,5,5,5,4,5,4,3,"Sierra"
"21",5,6,4,5,4,5,5,4,3,"Romeo"
"22",5,6,4,5,5,4,2,2,3,"Sierra"
"23",6,5,4,3,4,7,3,5,6,"Romeo"
"24",6,4,5,4,5,5,5,4,5,"Romeo"
"32",5,4,4,4,5,5,5,6,5,"Romeo"
"33",4,6,3,4,4,3,4,4,4,"Sierra"
"36",4,3,4,3,3,5,4,5,4,"Papa"
"37",5,3,2,3,3,7,2,5,4,"Papa"
"38",4,4,5,4,3,4,6,4,4,"Tango"
"42",5,4,2,2,3,3,3,3,2,"Romeo"
"44",5,5,5,3,5,4,5,4,3,"Sierra"
"45",4,3,5,4,4,2,3,3,4,"Tango"
"46",5,5,3,2,5,4,5,3,4,"Sierra"
"49",4,4,3,3,4,4,5,4,4,"Sierra"
"51",3,4,4,4,4,3,3,4,2,"Sierra"
"55",4,4,4,4,3,4,4,4,4,"Romeo"
"61",5,3,4,4,3,5,4,3,5,"Sierra"
"64",4,5,5,4,4,4,4,6,3,"Sierra"
"68",4,4,5,4,4,4,4,2,4,"Sierra"
"70",4,4,4,3,3,5,4,5,4,"Papa"
"71",4,4,5,4,4,3,3,5,4,"Sierra"
"72",6,4,6,5,4,4,5,3,3,"Sierra"
"77",4,3,3,3,3,4,4,3,3,"Tango"
"79",5,5,3,4,3,5,3,5,3,"Romeo"
"80",4,6,5,4,5,3,6,3,3,"Sierra"
"84",3,3,5,3,5,4,4,2,3,"Sierra"
"87",3,2,5,4,5,4,5,4,4,"Sierra"
"90",5,4,5,5,4,3,3,4,3,"Papa"
"93",3,4,4,3,3,4,3,2,5,"Romeo"
"95",6,4,5,4,4,4,4,4,3,"Sierra"
"101",5,4,4,4,3,4,4,4,4,"Papa"
"102",5,5,3,5,4,4,4,3,3,"Romeo"
"106",4,4,4,4,4,2,4,4,3,"Tango"
"109",6,6,5,4,4,5,4,5,5,"Sierra"
"112",4,5,5,4,3,4,3,3,4,"Romeo"
"114",4,5,6,4,5,4,5,3,5,"Tango"
"116",4,4,5,4,4,4,3,3,3,"Sierra"
"117",5,4,2,4,4,6,2,4,4,"Papa"
"125",4,3,4,4,4,5,3,3,3,"Tango"
"134",3,3,4,3,3,4,3,4,4,"Romeo"
"135",3,4,4,5,4,3,5,4,3,"Sierra"
"136",5,3,5,4,4,6,4,5,5,"Romeo"
"138",4,2,5,4,4,5,3,5,4,"Romeo"
"139",4,5,2,2,3,5,4,3,4,"Sierra"
"140",5,3,5,5,6,5,4,5,3,"Romeo"
"141",4,5,5,5,6,5,5,5,4,"Romeo"
"149",2,3,5,3,5,2,4,1,1,"Sierra"
"153",5,4,5,3,5,5,3,5,3,"Sierra"
"155",5,4,5,4,5,3,5,5,4,"Romeo"
"157",3,3,5,4,3,4,4,5,4,"Romeo"
"159",4,5,4,6,6,4,3,4,4,"Tango"
"160",5,3,4,4,4,5,4,5,7,"Papa"
"162",3,2,5,4,5,4,3,3,4,"Papa"
"163",6,4,4,3,5,5,4,5,4,"Papa"
"164",3,4,4,4,5,4,3,2,4,"Tango"
"165",4,3,6,4,4,4,3,2,4,"Tango"
"169",4,3,3,5,3,3,4,5,4,"Romeo"
"175",5,6,4,4,5,4,3,5,5,"Romeo"
"178",3,2,4,5,5,4,5,4,3,"Sierra"
"179",5,4,3,5,3,4,3,2,3,"Romeo"
"181",4,5,4,5,4,4,3,4,3,"Romeo"
"184",6,4,4,4,3,4,3,4,4,"Romeo"
"185",4,4,3,4,4,5,5,4,4,"Romeo"
"188",3,3,4,3,5,4,3,3,4,"Sierra"
"190",4,5,6,3,6,5,4,4,4,"Romeo"
"195",4,4,4,4,5,7,5,3,4,"Romeo"
"197",5,4,5,4,4,4,5,6,5,"Romeo"
"199",5,4,4,3,4,4,4,4,3,"Romeo"
"200",5,5,4,2,3,5,4,4,4,"Papa"
"205",3,4,2,3,3,3,3,4,4,"Romeo"
"208",4,5,4,4,5,5,5,3,3,"Papa"
"214",4,4,3,2,3,6,5,4,5,"Papa"
"216",4,4,2,3,4,4,3,3,5,"Papa"
"218",4,3,2,3,4,4,4,3,4,"Romeo"
"219",2,3,5,4,4,3,5,4,3,"Tango"
"225",3,3,3,5,3,4,3,4,3,"Romeo"
"226",4,3,4,4,3,7,5,5,4,"Papa"
"228",3,2,4,4,3,5,4,4,3,"Romeo"
"229",5,4,3,1,3,4,4,3,2,"Papa"
"230",5,4,4,2,3,5,5,4,4,"Romeo"
"231",4,5,4,3,4,6,3,4,4,"Sierra"
"232",5,5,1,4,2,5,2,4,4,"Papa"
"233",4,5,3,3,3,4,2,2,3,"Romeo"
"236",4,5,5,5,4,4,7,4,1,"Sierra"
"237",4,3,2,5,4,4,4,3,4,"Romeo"
"240",5,5,5,3,4,5,4,2,4,"Romeo"
"242",4,3,4,4,3,5,5,3,3,"Sierra"
"248",4,5,4,4,4,4,4,2,4,"Sierra"
"249",6,4,5,3,3,5,3,4,4,"Romeo"
"251",4,4,4,3,4,3,5,3,2,"Romeo"
"252",5,5,3,3,3,4,3,3,4,"Papa"
"254",3,3,4,4,4,4,6,5,2,"Sierra"
"255",3,4,5,4,2,4,4,4,2,"Sierra"
"260",3,4,4,4,4,4,3,3,3,"Sierra"
"262",4,5,4,3,5,5,5,3,4,"Romeo"
"263",4,4,6,4,5,3,3,1,3,"Tango"
"264",4,4,3,5,4,5,5,4,4,"Sierra"
"272",4,3,5,5,4,5,3,6,3,"Romeo"
"276",5,6,4,4,3,4,3,3,3,"Tango"
"277",5,4,3,4,3,5,5,5,5,"Sierra"
"279",5,3,4,5,5,6,5,5,4,"Sierra"
"282",4,3,4,3,3,5,4,3,4,"Romeo"
"284",5,2,4,3,4,5,3,5,4,"Romeo"
"287",4,3,5,4,5,5,4,5,5,"Romeo"
"288",6,3,4,3,3,6,4,5,3,"Papa"
"289",5,3,4,3,4,5,5,4,4,"Sierra"
"290",4,3,5,5,5,5,3,5,5,"Romeo"
"291",4,4,5,4,3,4,4,3,4,"Romeo"
"292",5,4,6,3,4,5,5,5,5,"Sierra"
"295",4,2,3,3,4,5,2,3,3,"Romeo"
"304",3,3,4,5,2,3,3,3,3,"Romeo"
"305",6,4,3,4,4,3,5,5,3,"Romeo"
"307",5,4,4,4,5,5,4,5,4,"Sierra"
"309",4,5,4,4,4,2,3,4,5,"Romeo"
"315",5,4,5,6,4,5,5,5,5,"Romeo"
"317",5,3,3,4,5,6,4,3,3,"Sierra"
"318",5,5,6,4,5,5,5,3,2,"Sierra"
"319",5,5,3,3,4,4,3,3,3,"Romeo"
"320",5,6,4,2,5,5,5,5,3,"Sierra"
"321",4,4,5,7,3,4,4,5,4,"Romeo"
"322",3,4,5,3,6,3,3,2,2,"Tango"
"323",4,4,3,4,2,2,4,1,1,"Romeo"
"326",3,5,5,4,4,5,3,6,3,"Sierra"
"329",5,3,6,3,3,4,4,4,3,"Sierra"
"330",3,4,5,4,3,3,4,2,3,"Tango"
"331",5,4,5,4,4,4,5,5,4,"Sierra"
"333",4,4,4,4,6,3,6,3,4,"Sierra"
"340",3,3,4,3,4,4,4,5,4,"Romeo"
"343",4,4,3,3,3,4,4,3,3,"Sierra"
"346",4,4,4,3,3,4,3,2,4,"Sierra"
"353",3,4,3,2,3,5,4,4,4,"Romeo"
"356",4,4,3,3,4,3,5,2,3,"Sierra"
"357",6,6,6,5,5,5,4,3,3,"Romeo"
"366",4,3,5,4,5,4,5,3,4,"Romeo"
"368",3,3,4,4,4,4,4,3,4,"Papa"
"370",4,4,3,2,2,6,4,4,4,"Papa"
"371",4,5,3,3,2,5,3,3,3,"Romeo"
"372",5,4,3,4,3,4,5,4,4,"Sierra"
"376",5,5,4,3,3,5,2,4,4,"Papa"
"377",4,5,5,3,4,5,5,5,4,"Sierra"
"383",3,1,5,4,4,3,4,3,2,"Sierra"
"385",4,4,5,3,4,5,4,4,4,"Sierra"
"386",4,3,3,5,4,4,4,4,3,"Sierra"
"387",3,3,5,5,4,3,5,3,3,"Sierra"
"390",4,3,3,4,3,4,4,4,4,"Sierra"
"396",4,2,4,4,4,3,3,5,4,"Sierra"
"398",3,4,4,5,5,4,3,3,2,"Sierra"
"400",5,3,3,2,3,6,4,3,5,"Papa"
"401",5,6,3,3,3,2,3,2,2,"Sierra"
"403",4,5,5,5,4,3,4,2,2,"Tango"
"406",4,6,5,4,5,3,4,5,3,"Sierra"
"408",5,4,4,6,5,5,5,4,4,"Sierra"
"420",5,3,5,4,4,4,6,2,2,"Tango"
"421",5,5,4,4,3,6,2,5,3,"Sierra"
"424",5,5,4,4,4,5,3,5,4,"Tango"
"426",2,2,4,3,4,5,5,4,4,"Romeo"
"427",3,5,4,5,4,4,4,5,4,"Romeo"
"428",3,4,3,5,3,4,3,3,4,"Romeo"
"429",3,2,3,4,4,4,3,3,3,"Papa"
"430",3,3,4,4,6,3,4,3,3,"Sierra"
"432",6,5,4,3,4,5,4,3,4,"Romeo"
"433",6,5,5,5,5,5,5,4,3,"Sierra"
"435",4,4,4,4,2,5,5,3,3,"Sierra"
"439",5,3,4,4,6,5,5,2,4,"Tango"
"450",3,2,2,4,3,3,4,4,3,"Romeo"
"451",5,4,3,4,3,3,3,2,2,"Romeo"
"453",4,4,4,3,2,5,4,5,4,"Romeo"
"457",3,3,3,3,4,5,4,4,5,"Papa"
"458",3,4,5,3,4,4,4,2,3,"Romeo"
"460",4,5,5,4,4,5,4,4,3,"Sierra"
"461",5,5,5,2,4,4,4,3,5,"Papa"
"462",5,5,4,4,3,4,4,4,4,"Romeo"
"466",3,3,4,3,2,3,2,2,5,"Romeo"
"467",4,4,6,4,4,4,4,3,3,"Sierra"
"468",5,4,5,4,5,3,4,4,3,"Romeo"
"473",6,7,6,5,3,4,4,4,5,"Sierra"
"478",6,5,3,3,4,4,4,5,4,"Romeo"
"481",4,3,6,4,4,4,5,5,4,"Sierra"
"485",4,4,4,4,3,4,3,4,5,"Papa"
"488",4,6,3,5,3,4,3,4,2,"Sierra"
"489",5,3,6,5,5,3,4,3,2,"Tango"
"493",5,5,4,5,2,5,4,4,4,"Sierra"
"495",5,2,5,5,5,3,6,2,3,"Sierra"
"499",6,5,4,4,5,5,4,3,4,"Romeo"
"500",4,4,4,3,3,5,4,4,3,"Sierra"
"505",5,4,3,4,4,3,4,4,2,"Romeo"
"506",4,5,3,4,3,4,3,4,3,"Sierra"
"511",5,4,5,4,4,4,5,5,3,"Sierra"
"523",4,4,2,2,3,4,5,5,4,"Romeo"
"525",5,4,5,4,3,4,5,3,5,"Romeo"
"526",3,2,4,5,4,4,4,3,5,"Romeo"
"527",3,3,2,5,3,3,3,2,2,"Romeo"
"530",5,4,4,3,3,3,3,4,4,"Romeo"
"533",4,2,2,4,3,3,3,4,4,"Papa"
"534",3,3,4,3,4,3,3,4,3,"Papa"
"542",5,3,4,5,4,6,4,2,4,"Sierra"
"543",3,2,6,4,5,6,4,4,3,"Sierra"
"544",5,4,4,4,4,6,4,3,4,"Romeo"
"546",4,3,5,4,3,4,5,5,3,"Sierra"
"548",4,2,4,3,4,4,5,5,4,"Papa"
"549",3,5,3,3,4,3,3,3,3,"Romeo"
"551",4,3,5,5,5,4,4,3,5,"Sierra"
"554",5,3,4,3,3,5,3,4,5,"Romeo"
"555",6,5,2,3,3,4,4,5,3,"Romeo"
"558",4,4,3,4,4,5,4,4,5,"Romeo"
"563",5,3,4,5,3,5,3,5,3,"Sierra"
"565",2,4,5,4,4,2,3,5,1,"Tango"
"567",5,5,5,3,4,5,5,5,5,"Romeo"
"569",5,5,4,5,3,5,6,2,4,"Sierra"
"571",4,4,5,5,4,2,6,4,3,"Sierra"
"573",3,2,4,4,4,5,4,5,5,"Romeo"
"582",5,4,4,4,4,4,2,4,4,"Sierra"
"584",4,4,4,5,3,6,3,4,5,"Romeo"
"587",5,3,3,3,4,4,5,3,4,"Romeo"
"591",4,4,4,5,2,4,3,4,4,"Romeo"
"598",4,4,3,4,4,3,6,4,4,"Romeo"
"601",3,4,4,4,4,3,5,4,3,"Romeo"
"604",3,3,4,4,3,3,3,4,3,"Romeo"
"608",7,6,4,6,4,4,4,4,5,"Romeo"
"612",4,4,3,6,5,5,3,3,2,"Sierra"
"615",4,3,5,4,5,5,4,3,4,"Romeo"
"616",7,5,5,5,5,5,6,5,4,"Sierra"
"620",4,4,5,4,3,4,5,4,3,"Tango"
"621",3,3,4,5,4,4,3,2,3,"Romeo"
"625",4,5,5,4,4,4,4,3,4,"Romeo"
"626",7,3,4,5,4,6,2,3,4,"Papa"
"628",2,3,2,3,4,4,4,2,2,"Papa"
"629",4,3,4,3,5,5,4,3,3,"Romeo"
"630",3,4,4,3,3,4,4,4,3,"Sierra"
"635",6,4,4,3,3,5,4,5,3,"Sierra"
"637",5,4,5,3,4,4,3,6,4,"Sierra"
"640",2,3,4,4,4,3,3,4,3,"Romeo"
"643",3,4,6,4,5,4,4,3,3,"Sierra"
"648",2,4,5,4,4,4,3,3,3,"Romeo"
"652",6,3,5,3,3,6,5,5,4,"Papa"
"654",4,5,1,4,2,4,4,4,4,"Romeo"
"655",6,4,3,3,4,5,4,5,5,"Sierra"
"659",4,4,3,4,5,4,6,3,3,"Sierra"
"660",4,1,4,3,4,2,4,3,4,"Romeo"
"661",4,5,2,3,2,5,2,3,5,"Sierra"
"663",2,3,4,3,2,5,4,3,2,"Romeo"
"664",4,3,4,4,4,4,3,3,4,"Papa"
"667",3,3,6,5,6,5,6,4,3,"Tango"
"671",5,4,5,3,5,3,5,3,3,"Romeo"
"673",4,5,4,6,3,5,4,4,5,"Papa"
"674",3,3,4,4,4,4,3,4,3,"Sierra"
"675",5,4,6,5,7,4,5,4,4,"Sierra"
"677",4,5,5,4,6,5,5,3,3,"Sierra"
"679",5,5,5,4,5,4,5,2,2,"Sierra"
"683",5,3,4,4,3,5,3,5,4,"Romeo"
"686",6,5,6,5,5,5,6,5,3,"Tango"
"689",4,3,3,3,3,5,4,5,3,"Sierra"
"691",4,4,3,3,2,6,3,4,3,"Romeo"
"696",5,4,4,5,7,5,6,5,3,"Sierra"
"697",4,4,3,3,2,3,3,2,2,"Sierra"
"702",5,4,4,5,4,4,3,5,3,"Romeo"
"703",4,2,5,5,4,4,2,3,4,"Sierra"
"705",5,4,6,5,6,6,4,4,5,"Sierra"
"710",4,4,4,4,5,3,3,5,4,"Sierra"
"712",5,2,3,5,3,7,4,5,5,"Romeo"
"718",4,5,6,4,5,5,4,3,3,"Romeo"
"722",4,2,3,3,4,3,4,4,4,"Romeo"
"724",3,5,2,3,3,4,4,5,2,"Sierra"
"727",4,5,5,6,5,3,3,7,4,"Sierra"
"734",3,3,4,3,3,4,4,4,4,"Romeo"
"736",3,2,4,5,3,4,4,5,3,"Romeo"
"738",5,5,4,3,3,6,3,3,4,"Papa"
"739",3,4,3,4,3,5,4,3,1,"Sierra"
"742",4,4,6,6,5,6,6,6,4,"Sierra"
"749",3,4,3,2,4,3,5,2,3,"Romeo"
"750",4,5,3,4,4,4,3,3,4,"Sierra"
"752",5,5,4,4,4,5,6,5,3,"Tango"
"758",4,3,5,4,4,3,6,4,3,"Romeo"
"759",3,4,2,4,3,4,5,4,2,"Sierra"
"761",5,2,5,4,5,6,4,5,4,"Sierra"
"763",4,4,6,4,6,4,5,4,3,"Sierra"
"764",5,3,5,4,5,4,3,5,4,"Papa"
"767",4,2,4,4,3,5,4,4,6,"Papa"
"769",4,4,6,4,5,3,6,3,2,"Sierra"
"770",5,4,3,3,4,6,3,4,4,"Sierra"
"771",6,3,4,4,3,4,3,3,3,"Sierra"
"772",6,5,3,4,6,5,5,2,3,"Sierra"
"774",5,4,4,5,4,5,3,4,4,"Romeo"
"776",4,4,3,4,6,3,6,4,3,"Romeo"
"779",5,5,4,5,5,3,5,4,3,"Sierra"
"780",4,3,4,4,3,5,4,5,4,"Papa"
"781",5,4,4,3,4,4,4,4,4,"Papa"
"782",4,4,6,3,4,5,4,3,3,"Sierra"
"785",6,4,5,5,6,4,4,3,3,"Sierra"
"787",4,5,5,4,2,3,4,4,4,"Sierra"
"792",4,5,6,6,6,5,5,4,4,"Tango"
"794",3,3,3,3,5,5,4,6,4,"Romeo"
"797",4,4,2,3,2,6,5,3,5,"Papa"
"798",6,5,3,3,4,5,5,3,3,"Sierra"
"803",5,4,3,3,4,3,4,2,3,"Sierra"
"807",4,4,5,5,3,6,4,5,4,"Papa"
"809",5,4,4,4,5,3,7,3,3,"Romeo"
"810",4,4,3,5,4,3,3,4,4,"Sierra"
"811",4,5,5,4,4,4,4,4,4,"Romeo"
"812",3,4,4,4,3,7,3,4,4,"Romeo"
"814",4,3,3,3,3,5,3,6,5,"Romeo"
"815",3,1,4,5,4,4,5,3,4,"Papa"
"820",3,5,3,4,5,3,3,4,1,"Sierra"
"821",5,4,3,3,4,5,4,4,5,"Sierra"
"823",6,7,5,4,6,6,3,4,4,"Sierra"
"824",5,3,6,4,6,5,5,5,4,"Tango"
"826",4,4,4,4,2,5,3,5,4,"Romeo"
"829",6,4,5,5,5,6,5,4,3,"Sierra"
"830",4,3,3,2,3,5,3,3,3,"Papa"
"832",6,4,4,3,3,6,5,6,5,"Papa"
"833",5,5,3,4,5,4,4,4,3,"Romeo"
"834",6,5,4,4,4,4,5,4,3,"Romeo"
"835",3,4,4,3,5,3,4,5,2,"Sierra"
"837",4,5,4,3,5,3,4,2,3,"Sierra"
"838",2,3,5,5,5,4,5,3,3,"Tango"
"840",4,4,5,4,6,3,4,4,2,"Tango"
"841",7,4,4,3,3,6,3,4,5,"Papa"
"847",4,3,6,5,4,4,4,5,4,"Sierra"
"849",4,4,5,5,4,4,5,3,3,"Sierra"
"851",5,4,5,4,4,3,3,5,4,"Sierra"
"852",5,4,6,4,3,2,4,2,2,"Sierra"
"853",3,5,4,4,4,4,5,5,3,"Romeo"
"858",4,3,3,5,4,4,4,5,4,"Sierra"
"861",4,4,6,5,5,5,5,5,4,"Tango"
"862",5,5,5,6,4,3,4,2,3,"Sierra"
"864",7,5,4,4,5,6,3,2,3,"Sierra"
"866",3,5,5,3,3,4,5,3,4,"Papa"
"871",3,5,4,4,4,3,5,3,3,"Sierra"
"873",5,4,5,4,5,3,4,1,1,"Tango"
"874",4,5,4,3,4,2,5,2,2,"Sierra"
"875",5,4,4,3,2,4,4,3,3,"Tango"
"883",5,5,5,4,4,5,3,5,4,"Romeo"
"885",6,7,5,4,4,4,4,3,4,"Sierra"
"886",4,4,5,5,4,4,6,3,2,"Sierra"
"892",3,2,4,4,4,2,3,4,1,"Romeo"
"893",3,2,2,4,3,3,4,2,3,"Papa"
"894",4,5,4,4,4,3,5,2,3,"Tango"
"896",3,2,5,3,5,4,4,3,3,"Tango"
"899",4,4,4,4,3,5,3,4,5,"Sierra"
"901",4,4,4,4,5,6,3,3,4,"Sierra"
"904",5,5,3,3,4,3,5,4,3,"Sierra"
"907",4,3,3,4,3,3,5,4,3,"Romeo"
"911",4,2,5,4,3,6,6,5,4,"Papa"
"915",5,4,4,4,6,5,5,4,4,"Romeo"
"917",3,4,1,3,1,3,3,4,3,"Papa"
"921",4,4,4,5,4,4,2,4,3,"Romeo"
"924",3,4,4,4,3,4,4,4,4,"Sierra"
"925",4,4,4,2,4,3,4,4,4,"Sierra"
"928",5,4,5,3,4,3,2,3,2,"Sierra"
"930",4,4,4,4,4,4,4,4,4,"Sierra"
"934",4,4,3,3,4,5,4,5,4,"Romeo"
"936",2,3,4,4,4,4,4,5,5,"Sierra"
"937",6,4,4,5,4,4,5,2,3,"Romeo"
"939",5,4,7,5,4,4,5,2,5,"Tango"
"947",5,4,4,4,5,4,5,4,4,"Sierra"
"952",4,4,3,4,3,4,5,4,3,"Tango"
"953",2,4,3,3,4,3,3,3,1,"Tango"
"954",4,3,3,4,4,4,3,3,3,"Sierra"
"956",3,3,7,6,4,4,6,2,1,"Tango"
"958",4,3,4,5,5,5,5,5,3,"Romeo"
"962",4,4,3,2,4,5,4,5,4,"Romeo"
"963",4,4,3,4,2,5,5,4,4,"Romeo"
"968",4,3,4,4,3,4,3,3,4,"Romeo"
"971",5,3,5,5,7,5,5,5,3,"Romeo"
"979",4,4,5,4,4,3,5,5,4,"Sierra"
"982",5,5,4,3,4,6,5,4,4,"Sierra"
"983",5,4,3,4,5,3,4,2,3,"Tango"
"986",4,4,4,5,3,3,4,4,4,"Tango"
"988",4,5,5,4,4,3,4,2,3,"Sierra"
"990",4,4,3,4,3,4,4,4,3,"Sierra"
"993",5,4,6,4,4,3,4,4,2,"Tango"
"997",2,3,4,2,3,3,2,2,2,"Romeo"
"1005",4,4,4,4,5,3,4,3,4,"Sierra"
"1006",4,4,5,4,5,6,3,4,4,"Tango"
"1007",5,5,4,5,3,6,4,3,4,"Papa"
"1009",5,3,4,5,4,6,2,4,6,"Romeo"
"1019",4,4,5,5,5,5,6,4,3,"Sierra"
"1024",3,3,3,3,5,3,4,3,3,"Papa"
"1026",5,4,5,4,5,4,5,4,4,"Romeo"
"1030",3,4,4,4,4,4,4,2,3,"Sierra"
"1036",5,4,3,4,2,5,4,5,4,"Papa"
"1039",3,4,4,5,3,3,3,4,3,"Romeo"
"1042",4,5,3,3,1,4,4,2,4,"Romeo"
"1050",6,5,4,4,5,3,5,3,3,"Tango"
"1051",3,4,5,5,4,2,4,5,4,"Sierra"
"1054",4,3,5,4,4,5,5,4,5,"Sierra"
"1057",5,4,6,4,5,4,5,5,4,"Sierra"
"1061",4,4,3,4,3,5,4,4,4,"Papa"
"1063",2,4,4,4,4,3,5,3,2,"Romeo"
"1069",4,4,3,4,4,4,4,4,5,"Sierra"
"1070",6,5,3,4,4,6,2,5,5,"Romeo"
"1076",5,4,3,5,4,4,4,2,5,"Sierra"
"1077",5,5,2,3,2,4,4,2,4,"Sierra"
"1078",5,4,7,4,5,5,4,4,5,"Sierra"
"1079",5,3,2,4,3,6,3,6,6,"Papa"
"1080",5,5,3,3,4,4,4,3,4,"Sierra"
"1082",6,5,3,5,3,4,4,5,3,"Romeo"
"1083",3,5,3,3,2,5,3,4,4,"Papa"
"1085",4,3,5,4,6,2,4,4,3,"Sierra"
"1088",5,4,3,3,4,2,4,3,3,"Romeo"
"1089",6,4,3,4,4,3,5,3,3,"Romeo"
"1093",6,5,3,2,3,4,4,3,4,"Romeo"
"1094",5,3,3,3,4,4,3,4,4,"Tango"
"1097",4,4,4,3,3,4,3,4,4,"Papa"
"1098",2,3,6,4,4,4,5,3,4,"Sierra"
"1099",3,2,5,3,4,5,6,3,3,"Romeo"
"1101",3,5,3,3,4,5,4,4,4,"Romeo"
"1102",4,3,2,4,3,5,4,4,4,"Sierra"
"1107",5,4,6,5,4,5,4,4,4,"Sierra"
"1109",4,2,4,3,4,3,4,4,4,"Romeo"
"1111",4,5,3,3,4,4,5,4,5,"Sierra"
"1112",4,3,4,4,4,5,3,5,5,"Papa"
"1115",4,3,6,5,7,5,4,5,5,"Romeo"
"1116",4,5,4,7,4,4,6,3,4,"Sierra"
"1120",5,4,4,5,3,2,3,3,2,"Sierra"
"1123",4,4,5,4,3,5,5,3,4,"Tango"
"1124",5,3,3,4,4,4,2,5,4,"Romeo"
"1128",5,4,5,6,5,6,5,3,4,"Sierra"
"1129",3,2,6,5,4,3,4,4,5,"Sierra"
"1131",4,3,4,4,4,3,5,3,2,"Sierra"
"1136",5,4,4,3,3,3,5,3,4,"Sierra"
"1141",3,3,3,5,3,6,4,5,3,"Papa"
"1143",5,4,3,3,2,4,4,5,4,"Romeo"
"1144",6,7,4,3,4,2,3,4,4,"Romeo"
"1150",5,5,4,5,5,4,5,3,2,"Sierra"
"1152",4,4,5,4,6,3,4,4,3,"Sierra"
"1155",6,4,5,5,4,5,4,3,4,"Tango"
"1159",5,5,4,5,5,5,4,3,4,"Romeo"
"1161",3,4,4,2,4,4,5,4,3,"Sierra"
"1162",4,6,4,4,3,5,3,5,4,"Romeo"
"1163",4,3,5,3,3,3,5,5,2,"Sierra"
"1165",4,3,4,5,4,4,4,4,3,"Tango"
"1169",5,3,4,5,4,5,3,6,3,"Sierra"
"1172",3,3,4,4,3,3,7,3,4,"Romeo"
"1173",4,3,5,5,5,6,5,3,3,"Sierra"
"1175",4,5,2,4,4,5,4,4,3,"Romeo"
"1176",5,4,4,5,4,3,3,3,3,"Tango"
"1177",4,3,5,5,2,4,2,5,3,"Papa"
"1178",3,3,5,5,5,6,4,4,5,"Romeo"
"1184",5,4,5,5,5,3,5,3,3,"Sierra"
"1185",4,3,6,4,4,5,5,4,4,"Sierra"
"1188",5,4,4,2,4,4,1,3,4,"Romeo"
"1192",5,3,5,2,5,4,6,5,5,"Sierra"
"1198",5,4,2,3,4,3,5,4,4,"Sierra"
"1199",4,3,4,4,3,4,3,4,5,"Papa"
"1200",2,2,4,4,5,4,4,4,5,"Sierra"
"1205",6,5,4,5,4,5,3,5,4,"Romeo"
"1206",6,6,4,3,4,3,4,4,5,"Romeo"
"1208",4,4,4,3,3,4,4,4,3,"Sierra"
"1210",4,3,6,4,6,3,6,4,4,"Sierra"
"1213",4,3,4,4,3,5,4,4,3,"Papa"
"1215",5,4,6,2,3,4,5,5,3,"Tango"
"1217",3,3,3,2,3,4,3,1,4,"Romeo"
"1219",7,4,2,5,3,7,2,6,5,"Papa"
"1220",4,3,4,6,4,4,4,4,3,"Sierra"
"1221",4,5,5,5,5,4,5,3,3,"Sierra"
"1223",5,5,3,4,4,3,2,4,3,"Sierra"
"1224",5,5,5,5,5,3,3,3,2,"Sierra"
"1229",3,1,5,3,4,3,4,5,4,"Romeo"
"1231",5,4,4,5,3,5,4,5,3,"Tango"
"1234",5,4,5,3,4,7,5,4,5,"Romeo"
"1242",5,4,3,2,3,5,4,5,4,"Romeo"
"1244",5,4,4,6,4,4,3,4,3,"Romeo"
"1246",3,2,4,4,4,4,5,4,3,"Romeo"
"1247",3,3,4,4,4,4,3,3,3,"Papa"
"1249",5,4,4,5,4,4,5,3,3,"Sierra"
"1250",3,3,3,4,5,4,3,3,3,"Sierra"
"1251",4,3,3,3,3,3,3,4,6,"Papa"
"1252",4,5,4,5,4,4,4,3,3,"Sierra"
"1255",4,4,5,4,4,5,4,3,5,"Sierra"
"1261",5,4,2,3,4,4,3,4,4,"Papa"
"1262",5,3,3,4,3,4,3,5,3,"Papa"
"1265",5,1,4,3,3,6,4,4,5,"Romeo"
"1268",4,4,4,4,3,6,3,5,4,"Papa"
"1273",5,5,5,4,4,4,5,4,4,"Romeo"
"1277",4,1,4,5,4,5,5,3,4,"Romeo"
"1278",4,4,3,4,2,3,4,2,3,"Romeo"
"1281",5,2,4,3,3,6,5,4,5,"Papa"
"1282",4,3,4,4,4,5,3,5,4,"Papa"
"1285",5,3,4,4,5,5,5,5,4,"Papa"
"1286",4,6,3,4,2,4,4,3,3,"Romeo"
"1287",5,5,5,5,4,4,4,4,3,"Romeo"
"1288",4,4,4,2,4,4,5,4,3,"Sierra"
"1291",5,4,5,2,3,5,4,4,3,"Sierra"
"1294",3,4,4,4,3,3,4,2,3,"Sierra"
"1295",5,5,3,5,3,4,5,5,3,"Papa"
"1297",3,3,5,3,4,3,4,3,3,"Sierra"
"1300",5,4,4,5,5,4,5,4,4,"Sierra"
"1301",3,5,5,4,4,4,4,5,4,"Sierra"
"1304",4,4,5,5,4,3,5,4,4,"Sierra"
"1305",4,3,6,7,6,4,5,4,4,"Tango"
"1309",3,5,4,4,3,4,3,3,5,"Romeo"
"1317",5,4,4,4,4,5,3,5,5,"Papa"
"1321",3,1,2,4,4,4,5,3,3,"Papa"
"1323",5,5,4,5,3,5,5,5,4,"Sierra"
"1330",5,6,4,4,4,7,4,5,4,"Sierra"
"1334",5,5,4,5,4,5,3,2,3,"Romeo"
"1338",4,5,5,5,3,5,3,3,3,"Romeo"
"1344",5,3,5,2,4,6,5,4,5,"Sierra"
"1346",5,3,4,5,5,4,5,6,3,"Sierra"
"1347",6,4,3,2,3,4,3,3,4,"Tango"
"1352",5,5,5,4,5,3,3,4,2,"Sierra"
"1361",5,4,5,5,5,4,5,4,4,"Tango"
"1363",4,3,4,5,3,6,5,5,5,"Romeo"
"1365",2,6,5,4,5,3,4,4,1,"Sierra"
"1370",5,5,4,3,4,6,4,4,4,"Romeo"
"1377",5,4,3,1,2,6,3,3,4,"Papa"
"1379",5,5,4,3,4,4,4,4,2,"Romeo"
"1382",5,3,3,1,2,4,3,3,3,"Papa"
"1386",2,4,4,4,5,5,3,4,4,"Sierra"
"1391",4,4,5,5,5,4,4,3,2,"Tango"
"1392",5,3,4,4,4,6,3,3,4,"Romeo"
"1394",6,6,3,3,3,5,4,4,3,"Sierra"
"1398",4,4,5,4,5,5,6,5,3,"Sierra"
"1405",6,4,3,4,4,5,4,4,5,"Romeo"
"1406",6,4,4,4,4,3,5,3,3,"Romeo"
"1410",5,4,3,4,3,5,3,3,4,"Papa"
"1413",5,3,4,4,4,6,4,5,5,"Sierra"
"1415",5,4,5,4,5,4,4,2,3,"Tango"
"1416",4,4,5,5,4,4,4,4,4,"Romeo"
"1428",5,5,4,4,4,4,4,4,4,"Romeo"
"1433",4,5,3,5,3,5,4,5,3,"Romeo"
"1434",4,3,3,2,3,2,4,4,2,"Sierra"
"1435",7,6,5,4,4,6,4,5,5,"Romeo"
"1437",4,5,2,4,2,4,4,3,3,"Romeo"
"1438",5,4,2,2,3,4,4,4,3,"Sierra"
"1439",3,3,4,4,4,4,5,5,4,"Romeo"
"1442",4,4,5,4,3,3,5,4,3,"Tango"
"1443",5,5,3,3,5,5,4,4,5,"Romeo"
"1444",5,5,4,6,5,5,5,4,3,"Tango"
"1445",5,5,5,5,4,5,3,6,4,"Sierra"
"1447",5,4,6,6,6,4,5,3,3,"Tango"
"1448",5,2,5,4,6,6,4,7,4,"Sierra"
"1452",4,4,4,3,4,4,4,6,4,"Papa"
"1459",3,3,4,5,4,3,4,3,3,"Tango"
"1461",3,5,6,4,4,3,4,3,3,"Sierra"
"1464",5,5,5,5,4,5,5,6,4,"Romeo"
"1468",5,5,4,4,4,4,4,3,3,"Papa"
"1469",4,3,5,5,5,5,4,4,3,"Sierra"
"1471",4,4,5,3,3,5,3,5,5,"Romeo"
"1481",4,4,2,3,2,3,3,3,3,"Romeo"
"1482",5,3,4,5,4,4,2,4,3,"Tango"
"1487",5,5,4,4,5,5,5,3,4,"Romeo"
"1488",4,4,4,4,3,3,4,5,3,"Romeo"
"1489",4,3,3,2,2,3,3,3,4,"Papa"
"1491",5,4,4,3,3,5,4,5,5,"Papa"
"1492",5,3,2,4,4,5,5,4,3,"Romeo"
"1496",3,4,5,5,4,4,4,4,3,"Sierra"
"1498",5,4,3,4,3,4,5,6,5,"Romeo"
"1500",3,3,4,4,3,5,2,3,4,"Romeo"
"1504",4,4,6,5,5,5,6,4,5,"Sierra"
"1508",4,3,4,6,5,4,3,5,5,"Papa"
"1509",4,3,4,5,3,5,4,5,3,"Sierra"
"1510",4,6,4,4,4,5,4,3,3,"Sierra"
"1511",4,3,4,4,4,3,4,3,3,"Sierra"
"1512",4,4,4,5,5,4,5,2,3,"Sierra"
"1514",3,2,3,2,3,4,5,3,4,"Papa"
"1518",2,3,4,5,4,3,4,4,3,"Tango"
"1519",4,2,4,5,4,4,4,4,5,"Sierra"
"1520",3,3,3,4,3,5,4,2,3,"Sierra"
"1521",4,4,4,4,4,4,3,4,3,"Romeo"
"1523",4,3,6,4,4,4,6,5,2,"Sierra"
"1524",7,4,4,6,4,5,5,4,5,"Romeo"
"1531",5,4,2,2,3,4,4,4,4,"Papa"
"1532",4,3,5,5,4,4,4,4,4,"Tango"
"1534",3,5,5,4,5,4,4,3,2,"Sierra"
"1542",5,5,3,3,5,5,5,4,5,"Tango"
"1547",5,3,4,3,2,4,4,3,3,"Sierra"
"1549",3,4,4,4,4,3,4,5,4,"Romeo"
"1553",7,6,3,4,4,5,5,4,4,"Sierra"
"1557",4,4,3,5,3,3,5,5,3,"Romeo"
"1559",4,2,5,5,4,4,6,6,4,"Romeo"
"1562",6,5,3,3,3,5,2,4,4,"Romeo"
"1563",5,4,3,5,2,6,2,5,4,"Papa"
"1567",4,4,3,4,5,3,4,4,4,"Tango"
"1568",5,3,4,4,4,4,4,5,5,"Papa"
"1570",3,4,5,5,4,5,4,4,3,"Sierra"
"1572",4,2,5,3,4,4,3,3,4,"Romeo"
"1574",4,2,4,3,2,3,3,3,3,"Romeo"
"1579",2,4,3,4,3,4,5,6,3,"Romeo"
"1582",5,3,4,4,4,5,5,5,4,"Romeo"
"1583",1,3,3,2,3,3,5,2,1,"Sierra"
"1586",4,4,2,3,4,4,4,2,3,"Sierra"
"1587",4,4,4,4,3,4,4,4,5,"Romeo"
"1588",5,3,4,3,3,4,5,5,5,"Romeo"
"1590",6,4,6,4,5,3,5,5,4,"Romeo"
"1591",5,4,6,3,4,4,3,3,1,"Tango"
"1592",6,4,3,4,2,7,3,6,6,"Papa"
"1593",5,2,4,4,5,6,4,4,5,"Romeo"
"1594",2,2,5,4,6,4,5,3,3,"Romeo"
"1595",4,3,3,3,4,4,4,2,3,"Romeo"
"1601",3,3,4,3,4,6,3,5,4,"Papa"
"1604",5,3,5,5,4,5,4,4,3,"Romeo"
"1609",5,4,2,4,3,3,3,3,4,"Sierra"
"1619",4,4,4,4,5,5,4,5,2,"Romeo"
"1624",4,5,5,4,4,4,4,5,4,"Papa"
"1628",4,3,4,3,5,5,4,5,2,"Sierra"
"1632",4,3,5,4,3,3,4,2,3,"Sierra"
"1634",3,3,5,4,4,4,4,3,3,"Sierra"
"1635",4,4,5,4,5,3,5,4,3,"Tango"
"1636",3,4,3,5,4,4,4,4,5,"Papa"
"1638",5,3,4,5,5,3,4,5,4,"Romeo"
"1641",4,4,5,4,5,5,4,4,5,"Tango"
"1642",3,2,6,5,5,5,4,4,4,"Sierra"
"1643",4,2,5,3,4,4,5,6,4,"Romeo"
"1645",5,4,3,4,3,5,5,3,3,"Sierra"
"1646",4,4,6,4,5,5,7,4,2,"Sierra"
"1648",3,3,5,5,5,5,6,4,4,"Sierra"
"1649",4,6,4,4,4,4,4,5,3,"Romeo"
"1650",5,7,4,5,4,4,3,4,3,"Sierra"
"1651",4,4,4,5,3,3,4,4,2,"Tango"
"1656",3,5,4,4,5,4,6,4,4,"Sierra"
"1658",5,3,5,4,2,4,5,5,5,"Papa"
"1659",4,1,3,2,3,4,4,4,4,"Romeo"
"1660",4,2,3,3,3,4,5,5,5,"Sierra"
"1665",4,4,5,2,3,4,4,3,5,"Romeo"
"1668",4,4,3,3,4,3,4,3,3,"Romeo"
"1674",5,4,3,3,3,5,5,3,4,"Papa"
"1682",4,5,5,4,4,4,3,5,3,"Romeo"
"1685",5,2,4,5,4,5,4,3,3,"Sierra"
"1686",5,4,3,4,4,5,3,3,4,"Romeo"
"1688",4,5,3,4,2,4,3,3,4,"Papa"
"1689",6,5,7,5,6,4,5,4,4,"Tango"
"1690",5,4,5,4,2,4,4,4,4,"Romeo"
"1692",5,4,5,5,3,2,4,2,4,"Sierra"
"1693",5,4,3,4,3,5,5,4,3,"Romeo"
"1694",4,3,4,6,5,4,5,5,5,"Sierra"
"1695",4,6,3,5,3,4,4,4,4,"Romeo"
"1697",4,3,2,2,2,4,2,2,3,"Romeo"
"1698",5,4,4,5,5,5,4,5,4,"Sierra"
"1700",4,3,6,4,4,5,4,4,3,"Sierra"
"1701",4,3,5,5,4,4,6,4,4,"Tango"
"1702",4,4,4,3,3,5,5,3,3,"Papa"
"1707",5,4,5,5,4,7,4,5,5,"Papa"
"1708",4,5,3,3,4,3,4,3,3,"Romeo"
"1710",5,5,3,4,1,3,4,3,4,"Papa"
"1713",5,4,2,3,4,5,4,3,3,"Sierra"
"1714",5,4,3,2,3,5,2,5,4,"Romeo"
"1717",4,3,3,5,3,4,2,3,4,"Romeo"
"1718",2,2,5,4,5,3,5,6,3,"Romeo"
"1722",4,4,5,4,5,5,3,3,4,"Tango"
"1724",3,5,5,4,4,3,2,3,4,"Romeo"
"1725",4,3,4,5,3,6,3,4,4,"Papa"
"1726",4,5,4,5,4,4,4,5,5,"Sierra"
"1733",4,5,6,4,5,5,5,2,3,"Tango"
"1738",5,2,4,3,4,6,4,6,5,"Romeo"
"1740",4,5,4,2,4,4,4,4,3,"Romeo"
"1741",6,3,3,3,4,6,2,5,5,"Romeo"
"1745",4,3,2,4,3,5,4,4,4,"Sierra"
"1748",4,4,6,5,5,4,5,4,3,"Tango"
"1751",4,3,3,5,3,4,5,5,4,"Romeo"
"1759",5,3,4,5,5,5,4,4,5,"Romeo"
"1760",4,3,3,5,2,2,2,3,2,"Sierra"
"1761",6,4,3,3,4,6,4,4,6,"Papa"
"1763",4,3,6,2,3,4,3,2,3,"Romeo"
"1764",5,5,5,4,4,4,3,5,5,"Sierra"
"1767",4,2,5,5,5,4,4,6,4,"Romeo"
"1769",4,3,3,4,3,5,3,4,5,"Papa"
"1772",6,4,2,4,4,3,2,3,4,"Sierra"
"1775",5,4,4,3,4,6,5,4,4,"Romeo"
"1778",6,5,4,3,3,6,3,6,4,"Romeo"
"1780",3,5,3,3,2,4,3,3,3,"Sierra"
"1782",4,2,4,3,4,6,5,4,3,"Papa"
"1783",2,2,5,5,5,4,5,3,4,"Sierra"
"1786",3,3,3,4,2,4,4,5,3,"Papa"
"1791",5,3,4,6,6,5,6,4,4,"Tango"
"1792",5,6,3,3,3,5,5,3,4,"Sierra"
"1793",3,4,4,2,5,2,5,3,2,"Tango"
"1795",5,2,3,4,4,4,5,3,4,"Romeo"
"1805",5,3,4,3,3,5,3,4,2,"Romeo"
"1806",4,3,3,3,5,4,4,5,6,"Papa"
"1808",3,4,4,3,2,5,3,4,3,"Romeo"
"1813",4,3,4,5,4,4,4,4,5,"Romeo"
"1815",5,6,4,3,3,5,5,6,5,"Romeo"
"1819",4,2,4,3,4,3,5,3,4,"Romeo"
"1822",3,4,3,3,3,6,3,3,3,"Papa"
"1825",4,2,5,5,4,6,4,5,3,"Romeo"
"1832",6,5,4,3,4,4,3,5,4,"Romeo"
"1833",5,5,2,3,2,5,3,5,5,"Romeo"
"1837",4,4,3,4,5,3,3,5,4,"Tango"
"1838",3,1,6,5,5,3,4,3,2,"Tango"
"1839",5,4,4,5,3,4,3,4,3,"Sierra"
"1843",4,3,3,4,3,4,4,4,4,"Romeo"
"1845",6,3,4,3,3,4,3,4,3,"Romeo"
"1847",5,6,4,4,5,5,5,5,4,"Romeo"
"1849",6,4,3,3,3,6,3,6,6,"Papa"
"1850",5,5,5,3,3,4,4,4,3,"Romeo"
"1851",3,3,4,3,3,3,5,2,3,"Sierra"
"1853",4,4,3,4,4,6,3,5,4,"Papa"
"1854",3,4,4,5,5,5,4,3,4,"Romeo"
"1859",4,4,5,5,4,4,5,3,3,"Tango"
"1860",4,4,3,3,3,5,2,4,4,"Romeo"
"1863",4,3,4,3,3,5,4,4,4,"Papa"
"1865",4,4,4,3,5,5,4,4,3,"Sierra"
"1866",5,4,3,4,4,6,5,5,5,"Romeo"
"1869",4,4,4,6,4,3,3,4,3,"Sierra"
"1870",4,6,4,4,3,2,4,4,4,"Romeo"
"1874",4,4,5,3,4,4,4,4,4,"Sierra"
"1877",6,6,4,2,4,4,4,4,4,"Romeo"
"1878",3,4,4,4,2,5,3,4,4,"Sierra"
"1879",4,4,5,4,5,3,4,4,2,"Sierra"
"1883",3,2,3,3,3,4,3,4,3,"Romeo"
"1884",5,5,5,4,4,5,5,3,4,"Sierra"
"1885",6,4,4,4,2,4,4,3,3,"Sierra"
"1891",4,3,2,3,2,4,3,3,3,"Romeo"
"1895",4,5,4,6,5,5,5,5,4,"Romeo"
"1898",4,4,2,3,2,4,4,4,4,"Romeo"
"1900",5,4,4,4,4,4,4,2,4,"Romeo"
"1905",6,4,2,3,4,4,5,3,4,"Romeo"
"1907",4,1,5,4,5,7,3,4,3,"Romeo"
"1908",4,3,3,3,4,5,4,5,4,"Papa"
"1911",3,3,6,5,6,4,5,5,3,"Tango"
"1912",6,4,4,2,2,6,4,5,5,"Papa"
"1914",3,4,2,4,5,4,2,3,4,"Sierra"
"1916",5,4,4,3,5,5,4,6,5,"Romeo"
"1918",4,4,4,3,4,3,4,3,5,"Romeo"
"1919",4,4,3,4,3,3,4,3,3,"Romeo"
"1926",5,5,3,4,2,4,4,5,3,"Sierra"
"1929",5,4,4,4,4,4,5,4,4,"Romeo"
"1936",3,4,2,2,3,4,4,3,3,"Sierra"
"1937",5,4,4,3,4,5,5,4,4,"Romeo"
"1939",4,3,5,2,4,4,4,4,4,"Sierra"
"1945",3,4,4,3,4,2,4,2,2,"Sierra"
"1946",4,2,4,5,3,4,4,2,2,"Sierra"
"1947",4,4,5,5,4,5,5,4,4,"Sierra"
"1949",4,3,5,6,4,4,3,3,4,"Sierra"
"1953",5,5,4,2,4,4,4,3,4,"Romeo"
"1960",6,6,5,5,5,5,3,4,4,"Romeo"
"1962",6,4,4,4,4,6,4,4,2,"Tango"
"1967",3,4,3,4,3,3,3,2,4,"Sierra"
"1969",4,4,3,4,3,4,4,4,3,"Sierra"
"1970",4,4,3,2,2,4,4,4,4,"Sierra"
"1971",3,5,4,3,5,3,4,2,2,"Sierra"
"1976",5,4,4,3,2,4,4,4,5,"Romeo"
"1979",4,3,6,5,5,5,5,4,4,"Romeo"
"1983",4,3,5,4,4,4,3,4,4,"Romeo"
"1984",5,3,4,3,4,3,4,3,5,"Sierra"
"1988",3,3,3,2,3,5,4,4,5,"Papa"
"1989",3,5,3,4,3,5,3,4,4,"Romeo"
"1990",5,4,3,4,4,4,5,4,5,"Papa"
"1992",1,3,6,3,6,3,4,4,2,"Sierra"
"2001",4,2,4,4,5,5,4,4,4,"Romeo"
"2002",4,3,4,2,4,3,5,3,3,"Romeo"
"2005",4,5,4,4,4,3,3,4,4,"Romeo"
"2007",4,3,5,4,4,5,3,4,4,"Papa"
"2009",5,5,4,3,5,5,3,5,3,"Sierra"
"2013",4,3,3,4,3,5,4,5,4,"Papa"
"2017",4,4,5,4,4,6,4,4,5,"Romeo"
"2023",4,2,4,3,4,4,4,2,4,"Romeo"
"2024",5,4,3,5,5,5,4,3,4,"Sierra"
"2025",6,5,3,4,4,4,5,4,3,"Sierra"
"2027",4,2,4,5,4,4,5,3,4,"Romeo"
"2028",2,4,6,6,6,5,4,3,5,"Tango"
"2030",3,3,5,4,3,5,4,4,3,"Tango"
"2031",5,6,4,6,4,4,5,5,3,"Romeo"
"2034",5,4,3,3,4,4,3,2,4,"Romeo"
"2035",4,5,4,4,3,5,4,6,4,"Romeo"
"2036",6,5,4,3,5,3,4,3,4,"Sierra"
"2038",5,3,4,5,4,5,4,4,4,"Papa"
"2045",5,3,4,4,4,3,2,2,3,"Romeo"
"2046",4,4,5,3,3,5,3,4,4,"Sierra"
"2048",5,7,3,3,3,5,2,3,4,"Romeo"
"2049",5,5,3,3,3,6,3,5,4,"Papa"
"2051",4,4,3,4,4,3,2,5,3,"Sierra"
"2056",3,2,4,5,3,4,5,4,3,"Sierra"
"2057",5,3,4,4,4,4,3,4,4,"Sierra"
"2058",4,5,2,3,3,4,3,5,5,"Romeo"
"2060",4,3,4,3,3,5,6,4,4,"Romeo"
"2062",4,4,3,4,3,5,3,5,5,"Romeo"
"2063",5,5,5,5,3,6,6,6,4,"Sierra"
"2064",4,4,4,2,3,3,5,3,4,"Romeo"
"2065",4,5,5,4,5,5,4,4,4,"Tango"
"2066",5,4,5,5,5,4,6,3,4,"Sierra"
"2070",5,4,4,4,3,5,3,5,4,"Romeo"
"2071",4,3,4,3,4,6,4,3,3,"Sierra"
"2073",4,2,3,3,3,5,4,5,4,"Romeo"
"2079",4,4,3,2,4,4,4,5,2,"Romeo"
"2080",3,4,6,3,5,5,5,3,4,"Tango"
"2082",5,7,4,4,4,5,3,5,4,"Romeo"
"2083",4,4,4,5,3,3,5,3,3,"Sierra"
"2084",5,3,2,2,2,6,4,4,4,"Romeo"
"2088",6,3,5,3,4,4,6,4,4,"Romeo"
"2099",3,4,5,4,4,2,3,4,3,"Sierra"
"2102",6,5,5,5,6,3,3,1,1,"Sierra"
"2103",4,5,3,4,5,4,3,3,4,"Papa"
"2104",5,5,4,4,2,5,3,5,5,"Romeo"
"2106",4,4,5,5,5,4,4,5,3,"Sierra"
"2107",5,3,4,4,4,4,3,4,3,"Romeo"
"2111",5,1,3,5,2,4,5,4,4,"Romeo"
"2112",4,5,4,4,5,5,4,4,3,"Sierra"
"2114",3,3,4,4,3,5,4,4,5,"Romeo"
"2116",5,3,4,5,4,5,4,3,3,"Romeo"
"2120",4,4,4,5,5,4,4,4,4,"Sierra"
"2122",4,3,4,5,4,3,4,4,2,"Sierra"
"2123",3,3,4,3,4,4,5,3,3,"Sierra"
"2124",3,4,5,4,4,5,4,4,5,"Sierra"
"2131",4,5,5,4,5,5,6,5,3,"Sierra"
"2138",4,3,4,3,3,6,3,4,3,"Sierra"
"2139",6,4,4,3,5,3,6,4,4,"Romeo"
"2140",5,4,5,3,4,5,5,4,4,"Sierra"
"2141",3,4,4,4,5,2,4,2,3,"Tango"
"2147",5,6,4,5,4,4,4,4,3,"Sierra"
"2150",4,4,4,3,3,4,3,3,3,"Sierra"
"2151",4,6,5,5,6,4,4,3,3,"Sierra"
"2152",4,3,4,4,4,4,4,3,3,"Romeo"
"2153",4,4,3,4,2,5,3,3,2,"Romeo"
"2156",4,3,3,5,4,5,4,3,3,"Papa"
"2157",4,4,3,3,4,4,4,2,4,"Romeo"
"2159",3,4,3,3,4,4,3,5,4,"Sierra"
"2163",3,3,3,2,2,3,5,3,4,"Sierra"
"2164",5,3,2,4,4,4,5,3,4,"Tango"
"2166",3,5,3,3,4,4,4,3,3,"Sierra"
"2167",6,3,5,5,6,6,4,6,5,"Sierra"
"2170",5,4,2,3,3,3,3,6,5,"Romeo"
"2171",5,3,4,5,5,3,5,6,5,"Sierra"
"2178",4,5,4,4,3,4,5,4,3,"Papa"
"2183",4,5,5,4,4,5,4,4,4,"Papa"
"2188",5,4,3,4,3,4,3,4,3,"Sierra"
"2193",5,6,2,3,3,4,3,2,4,"Romeo"
"2195",5,4,3,4,3,3,3,4,5,"Romeo"
"2196",5,3,5,3,3,4,4,5,4,"Sierra"
"2201",5,5,3,6,4,5,4,5,5,"Romeo"
"2204",6,4,4,2,5,5,5,4,5,"Romeo"
"2205",4,3,5,4,3,4,6,4,3,"Romeo"
"2206",3,4,5,5,4,4,4,2,3,"Romeo"
"2207",6,6,3,3,3,4,3,2,3,"Romeo"
"2210",5,5,2,4,3,4,3,4,4,"Romeo"
"2212",5,4,4,5,5,4,4,6,4,"Sierra"
"2213",4,4,4,3,3,4,3,4,2,"Sierra"
"2215",4,3,3,4,4,6,4,3,4,"Papa"
"2217",3,3,4,4,4,2,6,4,3,"Tango"
"2218",4,4,5,5,4,5,5,3,5,"Sierra"
"2219",5,5,5,4,3,4,5,3,2,"Sierra"
"2220",4,2,3,4,3,4,5,4,4,"Romeo"
"2229",4,4,4,5,2,4,4,3,3,"Sierra"
"2230",3,3,4,4,4,4,3,4,3,"Sierra"
"2231",5,4,4,3,4,5,3,5,6,"Papa"
"2232",5,5,5,4,5,4,5,2,2,"Tango"
"2233",4,3,5,4,4,3,5,4,3,"Tango"
"2235",3,3,6,5,4,3,5,4,3,"Sierra"
"2236",6,5,4,5,5,5,5,4,4,"Tango"
"2238",4,3,3,4,4,3,4,3,4,"Romeo"
"2239",4,4,5,4,5,5,5,3,4,"Sierra"
"2240",5,5,3,3,1,2,5,3,2,"Papa"
"2252",5,5,4,5,5,3,5,5,4,"Papa"
"2254",6,5,5,3,4,6,4,5,4,"Sierra"
"2256",5,4,4,3,2,3,4,3,3,"Sierra"
"2257",4,2,3,3,3,6,4,3,4,"Papa"
"2261",5,3,3,5,6,7,4,5,5,"Romeo"
"2262",4,4,3,2,3,4,3,3,1,"Papa"
"2263",3,4,4,3,4,3,3,2,3,"Sierra"
"2264",4,4,3,4,2,2,5,4,1,"Romeo"
"2265",6,5,4,4,5,6,3,4,5,"Papa"
"2268",4,5,3,2,2,4,3,4,3,"Romeo"
"2269",5,3,4,5,3,6,2,5,6,"Romeo"
"2272",3,4,3,3,3,5,4,4,4,"Romeo"
"2273",2,3,5,6,3,3,5,2,2,"Sierra"
"2274",2,3,5,4,5,3,5,4,3,"Sierra"
"2278",4,3,4,3,3,4,4,2,4,"Sierra"
"2282",5,5,4,4,4,4,5,2,3,"Romeo"
"2284",3,1,4,4,4,3,4,4,3,"Romeo"
"2285",7,6,5,3,3,4,4,6,5,"Romeo"
"2286",4,4,5,4,4,4,5,2,4,"Romeo"
"2287",4,5,5,3,4,4,4,5,4,"Romeo"
"2290",5,4,3,5,5,5,4,4,4,"Romeo"
"2291",6,4,6,4,4,5,4,4,5,"Romeo"
"2297",3,3,4,5,4,2,5,3,2,"Tango"
"2299",3,3,5,5,4,3,4,4,3,"Sierra"
"2304",5,5,2,1,3,5,4,3,3,"Romeo"
"2305",3,3,4,5,4,4,4,3,4,"Sierra"
"2306",4,4,4,5,5,6,4,5,5,"Tango"
"2307",3,2,3,4,5,6,4,5,5,"Papa"
"2308",4,6,4,4,5,4,4,4,3,"Sierra"
"2309",5,5,5,3,3,4,5,2,3,"Sierra"
"2310",4,3,5,5,4,6,3,4,5,"Romeo"
"2313",4,4,5,5,5,5,4,6,4,"Tango"
"2315",4,4,3,1,3,5,5,4,4,"Papa"
"2316",4,2,5,4,5,4,5,4,3,"Tango"
"2324",4,4,5,4,4,5,3,4,4,"Romeo"
"2327",4,3,2,3,3,3,3,4,3,"Sierra"
"2328",3,4,5,4,6,2,5,4,5,"Sierra"
"2331",3,4,3,4,6,4,3,2,3,"Sierra"
"2332",6,4,5,5,4,4,4,4,4,"Sierra"
"2335",3,3,6,6,5,6,4,5,3,"Sierra"
"2336",5,4,6,4,4,2,5,3,4,"Sierra"
"2337",4,4,3,3,3,3,3,3,3,"Sierra"
"2340",5,6,2,3,4,4,3,3,4,"Papa"
"2341",4,3,6,5,5,6,6,4,5,"Romeo"
"2348",3,3,5,3,3,3,4,3,3,"Romeo"
"2350",4,5,3,5,5,3,4,5,2,"Romeo"
"2354",6,4,5,4,5,5,4,5,4,"Sierra"
"2356",4,2,4,5,4,4,3,3,3,"Sierra"
"2357",5,4,2,5,4,5,2,4,4,"Papa"
"2358",6,6,5,6,5,4,6,5,5,"Sierra"
"2362",4,2,5,5,4,4,3,4,4,"Romeo"
"2367",5,4,5,4,3,5,5,3,4,"Sierra"
"2373",5,3,3,4,4,6,4,6,5,"Romeo"
"2374",5,4,4,4,5,4,5,4,3,"Sierra"
"2375",4,4,5,5,4,4,5,3,3,"Sierra"
"2376",5,4,2,3,2,5,3,5,5,"Papa"
"2377",7,6,4,5,5,4,4,4,5,"Sierra"
"2379",4,3,2,4,6,4,3,4,5,"Romeo"
"2389",5,4,3,3,4,4,5,3,3,"Sierra"
"2397",5,4,5,3,4,4,4,5,3,"Sierra"
"2402",5,4,5,4,5,4,3,5,4,"Tango"
"2408",5,6,4,5,3,4,4,3,2,"Sierra"
"2409",5,4,4,5,4,4,5,3,4,"Romeo"
"2412",5,4,3,5,3,4,5,3,4,"Romeo"
"2415",4,5,5,4,6,4,5,4,3,"Tango"
"2419",4,3,7,4,4,5,6,4,4,"Sierra"
"2421",5,5,6,3,5,3,4,4,3,"Papa"
"2423",5,5,3,3,2,4,3,2,2,"Papa"
"2425",4,5,5,4,5,5,2,5,4,"Sierra"
"2427",4,2,4,5,5,4,5,5,5,"Romeo"
"2428",3,3,5,3,5,3,4,5,4,"Tango"
"2431",4,4,3,4,4,3,4,3,3,"Sierra"
"2432",5,4,6,4,3,4,5,4,5,"Tango"
"2433",4,5,6,3,4,3,4,5,4,"Romeo"
"2434",5,5,4,4,3,3,4,5,3,"Sierra"
"2435",5,4,5,5,5,5,5,4,5,"Sierra"
"2436",4,4,3,3,6,4,4,2,3,"Romeo"
"2444",4,1,6,5,4,4,5,3,4,"Sierra"
"2448",4,5,5,5,4,5,4,5,4,"Romeo"
"2449",5,4,7,3,5,7,5,5,4,"Sierra"
"2450",5,3,4,3,3,4,4,3,3,"Papa"
"2452",5,4,3,4,3,4,4,5,4,"Romeo"
"2453",4,3,4,6,6,3,5,2,4,"Tango"
"2454",5,5,4,5,4,5,4,4,3,"Sierra"
"2456",3,5,2,3,2,4,3,3,3,"Romeo"
"2457",5,6,3,5,4,4,3,4,4,"Romeo"
"2458",6,3,4,6,5,6,4,5,4,"Sierra"
"2459",4,4,5,2,3,5,3,4,4,"Tango"
"2462",6,6,4,2,3,4,3,6,4,"Sierra"
"2464",4,6,4,5,4,3,4,5,4,"Sierra"
"2467",5,4,5,6,5,3,5,4,4,"Sierra"
"2469",6,4,4,3,4,4,4,4,5,"Papa"
"2471",5,5,4,4,3,5,4,3,4,"Sierra"
"2473",5,4,5,4,5,4,4,5,2,"Romeo"
"2474",4,4,4,4,5,4,3,2,3,"Romeo"
"2475",4,4,4,5,4,5,4,3,3,"Tango"
"2476",4,4,5,6,5,4,4,3,3,"Sierra"
"2477",5,4,3,3,3,4,4,3,4,"Papa"
"2478",4,4,4,3,5,3,4,4,4,"Sierra"
"2479",4,5,4,3,3,4,4,3,2,"Sierra"
"2483",2,4,4,4,3,2,4,2,3,"Tango"
"2487",2,3,4,4,4,4,4,2,3,"Romeo"
"2489",4,5,3,5,4,4,4,3,3,"Sierra"
"2491",3,3,3,2,3,3,4,3,3,"Romeo"
"2496",5,4,2,4,3,5,4,3,3,"Romeo"
"2502",5,4,3,3,3,4,3,5,4,"Papa"
"2503",6,6,5,3,3,5,4,7,5,"Papa"
"2504",4,3,5,4,4,5,3,4,4,"Romeo"
"2506",4,3,3,2,3,4,4,2,4,"Romeo"
"2507",3,2,4,5,4,4,4,3,4,"Papa"
"2515",4,3,4,5,3,3,4,4,4,"Romeo"
"2516",6,5,4,4,4,4,4,5,4,"Sierra"
"2520",5,4,5,3,3,4,3,4,3,"Tango"
"2524",6,5,3,4,4,6,2,6,6,"Papa"
"2525",4,5,5,4,4,5,2,5,4,"Romeo"
"2529",4,5,6,5,6,4,5,4,4,"Sierra"
"2532",4,4,5,3,4,4,4,4,4,"Sierra"
"2535",4,3,4,6,5,4,3,5,2,"Tango"
"2536",3,3,4,3,3,4,3,3,3,"Romeo"
"2543",3,2,3,3,4,4,3,3,3,"Papa"
"2544",3,3,3,3,3,4,5,2,3,"Romeo"
"2545",5,4,5,2,4,6,5,5,6,"Romeo"
"2547",6,4,1,3,4,6,1,4,4,"Romeo"
"2548",5,4,4,5,4,3,4,3,2,"Sierra"
"2549",4,5,4,5,3,5,3,5,3,"Romeo"
"2551",5,4,2,2,5,4,3,6,5,"Papa"
"2553",5,4,4,7,4,4,3,2,2,"Sierra"
"2554",4,3,4,5,3,5,4,4,5,"Romeo"
"2560",5,4,5,4,5,4,2,2,6,"Romeo"
"2564",4,5,4,4,4,3,2,3,2,"Romeo"
"2570",3,1,3,4,4,2,5,3,3,"Sierra"
"2575",5,3,2,3,4,5,3,3,4,"Romeo"
"2577",4,3,5,4,5,3,3,3,4,"Tango"
"2579",5,4,5,3,4,5,5,4,5,"Romeo"
"2580",6,5,5,5,4,4,4,2,5,"Sierra"
"2583",6,6,3,5,5,6,5,4,5,"Sierra"
"2587",6,6,5,4,4,5,5,3,5,"Sierra"
"2590",4,4,5,5,5,3,4,3,3,"Tango"
"2594",4,4,4,4,3,2,5,3,3,"Sierra"
"2599",4,5,4,4,4,4,3,4,2,"Sierra"
"2601",4,3,4,6,5,6,4,4,4,"Romeo"
"2604",5,5,4,4,4,5,5,5,4,"Sierra"
"2605",4,3,4,4,4,6,4,4,5,"Sierra"
"2611",3,4,4,4,3,6,4,4,4,"Romeo"
"2614",2,4,4,5,4,4,5,4,2,"Tango"
"2617",3,4,4,4,3,4,4,4,4,"Romeo"
"2620",5,4,4,4,4,4,4,3,2,"Romeo"
"2622",5,5,4,4,5,7,4,6,4,"Tango"
"2623",5,5,4,4,4,4,6,4,4,"Romeo"
"2624",4,4,4,4,4,5,4,4,4,"Papa"
"2627",3,5,3,5,4,4,4,3,4,"Sierra"
"2629",3,4,4,5,5,4,5,3,3,"Sierra"
"2634",6,6,5,4,5,5,5,5,5,"Papa"
"2637",5,5,4,4,5,3,4,4,3,"Tango"
"2639",4,2,5,4,4,2,5,3,3,"Sierra"
"2640",5,4,4,3,4,4,3,4,4,"Romeo"
"2643",5,3,4,2,5,4,4,6,5,"Romeo"
"2645",5,5,5,4,5,5,4,3,4,"Sierra"
"2647",4,4,3,4,3,5,3,4,4,"Papa"
"2648",5,5,4,5,4,4,5,5,4,"Sierra"
"2653",4,4,4,4,5,4,4,2,4,"Sierra"
"2654",4,2,4,4,4,3,5,2,2,"Sierra"
"2655",4,5,3,3,4,4,4,3,4,"Romeo"
"2657",5,5,2,4,2,3,4,5,3,"Sierra"
"2658",4,4,5,4,4,5,5,5,5,"Romeo"
"2659",4,3,3,5,1,4,5,3,3,"Tango"
"2661",4,4,3,4,5,4,4,3,3,"Tango"
"2662",4,4,5,5,5,4,5,4,4,"Sierra"
"2663",4,3,5,5,4,5,4,3,4,"Romeo"
"2665",4,3,4,4,4,4,4,5,4,"Romeo"
"2668",4,4,5,6,4,4,6,4,5,"Sierra"
"2671",4,6,3,2,3,4,3,3,3,"Sierra"
"2677",5,6,3,3,2,5,5,5,4,"Sierra"
"2679",5,4,5,2,4,4,4,5,2,"Sierra"
"2680",6,5,4,5,4,3,3,5,3,"Papa"
"2681",4,5,4,5,3,4,3,5,4,"Romeo"
"2682",4,3,5,5,4,3,4,3,4,"Sierra"
"2683",3,3,4,2,4,3,3,3,3,"Romeo"
"2684",6,4,4,4,4,3,5,4,5,"Romeo"
"2695",4,4,4,5,5,4,4,5,4,"Romeo"
"2698",6,6,3,3,2,6,1,7,5,"Papa"
"2699",3,3,4,2,4,4,6,4,2,"Romeo"
"2700",5,4,3,4,2,4,5,5,3,"Romeo"
"2706",4,3,4,2,3,4,4,3,4,"Romeo"
"2709",6,4,2,3,3,5,3,4,4,"Papa"
"2715",6,4,2,4,3,5,4,5,4,"Romeo"
"2718",5,3,3,3,3,5,4,3,4,"Papa"
"2719",5,6,3,3,5,4,4,4,3,"Sierra"
"2723",5,4,4,3,5,6,3,5,4,"Papa"
"2728",4,4,5,4,3,5,4,5,3,"Romeo"
"2730",4,4,5,5,5,3,4,4,4,"Romeo"
"2732",4,3,5,4,4,3,4,4,3,"Sierra"
"2735",5,5,3,4,2,4,2,4,4,"Romeo"
"2737",5,4,5,4,5,5,3,4,5,"Sierra"
"2738",6,5,3,4,2,4,2,5,3,"Romeo"
"2746",4,3,3,4,5,3,4,5,4,"Romeo"
"2748",2,2,4,5,4,3,4,4,3,"Romeo"
"2752",3,4,3,3,4,3,2,4,2,"Papa"
"2753",5,4,4,4,4,5,3,5,5,"Romeo"
"2756",5,3,3,4,3,4,4,5,3,"Romeo"
"2757",4,4,4,4,3,5,4,3,5,"Romeo"
"2758",4,5,4,2,2,5,4,5,4,"Romeo"
"2762",4,3,5,5,5,5,4,4,3,"Sierra"
"2768",4,4,4,3,4,3,4,2,5,"Sierra"
"2769",5,3,5,3,5,4,4,4,3,"Papa"
"2772",6,6,4,5,4,4,5,5,4,"Romeo"
"2776",3,4,5,6,5,5,5,4,4,"Tango"
"2777",4,4,4,3,4,4,4,4,3,"Sierra"
"2778",4,3,4,3,3,4,3,5,4,"Romeo"
"2781",4,5,4,3,5,4,5,3,3,"Sierra"
"2782",6,5,4,4,3,6,4,5,5,"Sierra"
"2785",3,2,3,3,3,4,4,4,3,"Romeo"
"2786",6,4,3,4,4,4,3,4,4,"Romeo"
"2787",5,5,5,3,4,4,4,3,4,"Sierra"
"2790",5,5,5,5,5,6,4,5,4,"Romeo"
"2793",3,2,5,5,3,5,3,1,2,"Sierra"
"2797",4,4,4,4,6,4,5,1,3,"Tango"
"2798",6,4,5,4,5,5,5,4,3,"Tango"
"2802",3,4,3,4,3,4,4,4,4,"Romeo"
"2803",3,4,4,3,4,3,5,3,2,"Tango"
"2805",3,4,6,2,4,3,5,3,1,"Sierra"
"2806",4,2,5,4,4,4,5,4,4,"Romeo"
"2810",4,2,4,2,4,4,4,4,5,"Papa"
"2814",4,4,5,4,4,4,4,5,5,"Sierra"
"2815",5,3,4,2,4,2,3,3,4,"Sierra"
"2818",4,3,4,4,5,5,3,4,4,"Romeo"
"2819",3,5,3,5,4,4,3,3,3,"Romeo"
"2821",4,3,4,4,4,5,4,4,5,"Romeo"
"2822",6,4,3,5,3,2,3,4,4,"Sierra"
"2826",3,3,4,3,6,3,6,4,3,"Sierra"
"2827",6,5,5,5,5,4,3,2,4,"Romeo"
"2828",4,3,4,3,3,5,3,3,3,"Romeo"
"2829",4,5,4,3,3,4,6,4,4,"Tango"
"2835",6,4,7,4,5,6,6,4,4,"Romeo"
"2839",5,3,5,5,4,4,5,3,3,"Sierra"
"2840",5,4,5,5,3,3,4,3,3,"Sierra"
"2843",6,6,2,4,3,5,4,3,4,"Sierra"
"2849",5,4,3,3,4,3,4,4,4,"Romeo"
"2853",4,5,4,3,3,4,5,6,4,"Romeo"
"2855",5,2,6,6,4,3,4,4,5,"Romeo"
"2856",4,4,3,4,3,3,4,3,1,"Romeo"
"2857",4,4,5,4,3,3,5,4,4,"Sierra"
"2858",4,4,5,5,5,4,4,5,4,"Sierra"
"2859",5,3,3,3,4,5,4,4,4,"Romeo"
"2861",4,5,5,4,5,4,3,3,5,"Romeo"
"2862",3,3,4,4,5,4,5,3,3,"Tango"
"2864",5,5,5,4,4,6,4,4,4,"Romeo"
"2867",5,4,4,2,4,4,5,4,5,"Papa"
"2873",5,5,4,4,3,5,5,4,3,"Sierra"
"2874",4,4,3,4,4,3,3,4,4,"Romeo"
"2876",3,3,4,3,2,3,3,3,5,"Romeo"
"2877",4,3,3,4,4,4,4,3,3,"Papa"
"2884",5,5,4,4,4,4,3,5,5,"Romeo"
"2889",5,3,5,3,4,4,4,4,4,"Sierra"
"2890",3,3,5,4,5,4,4,4,4,"Romeo"
"2895",6,5,3,3,3,4,2,5,4,"Romeo"
"2900",3,3,5,4,5,4,3,4,3,"Tango"
"2901",4,3,4,3,3,4,3,6,4,"Papa"
"2907",5,3,5,5,6,5,4,5,3,"Romeo"
"2908",3,4,3,5,4,5,4,2,4,"Romeo"
"2912",4,3,5,3,4,2,3,3,2,"Romeo"
"2913",4,3,4,4,5,3,4,3,3,"Romeo"
"2922",5,3,6,4,5,5,5,3,4,"Romeo"
"2924",5,5,4,5,3,4,3,6,3,"Romeo"
"2925",4,5,3,5,4,4,4,4,3,"Sierra"
"2926",4,5,6,5,4,5,4,5,4,"Sierra"
"2929",2,3,5,3,3,3,5,2,3,"Romeo"
"2932",4,3,3,2,4,6,4,6,6,"Romeo"
"2933",5,5,5,4,5,5,4,4,4,"Tango"
"2937",3,1,4,4,5,5,4,5,3,"Sierra"
"2939",3,3,3,4,5,4,4,4,3,"Sierra"
"2940",4,3,5,3,5,4,3,3,2,"Sierra"
"2942",2,4,4,4,3,3,5,3,4,"Romeo"
"2946",4,5,3,4,4,4,2,4,4,"Romeo"
"2947",5,2,5,3,3,5,3,6,4,"Romeo"
"2949",3,4,2,4,5,4,5,3,3,"Romeo"
"2950",4,4,3,2,3,6,5,6,4,"Papa"
"2955",4,2,3,4,3,5,4,3,2,"Romeo"
"2956",4,4,4,4,2,3,3,4,4,"Sierra"
"2959",5,5,4,4,4,5,5,4,4,"Papa"
"2968",4,3,4,4,4,4,4,2,3,"Tango"
"2976",5,4,3,3,3,4,4,2,2,"Sierra"
"2977",3,4,4,3,2,3,3,2,2,"Sierra"
"2978",4,3,4,4,4,5,5,3,4,"Romeo"
"2982",6,5,5,3,3,5,4,4,4,"Sierra"
"2985",4,2,3,4,3,3,5,4,2,"Papa"
"2988",2,3,5,5,4,4,5,4,4,"Romeo"
"2990",2,3,3,3,3,4,4,3,4,"Romeo"
"2996",4,5,3,4,5,3,4,4,3,"Tango"
"2997",4,3,4,2,3,5,3,3,5,"Papa"
"2998",4,4,3,5,4,4,3,4,5,"Sierra"
"3009",3,2,6,5,6,4,4,4,3,"Sierra"
"3012",5,5,4,5,4,5,4,5,5,"Papa"
"3014",5,4,4,3,5,7,4,5,4,"Romeo"
"3015",3,4,4,3,4,4,4,4,4,"Papa"
"3019",4,3,5,4,5,4,4,5,4,"Sierra"
"3021",4,4,4,4,5,4,3,2,2,"Sierra"
"3022",3,1,5,3,5,3,3,1,3,"Tango"
"3025",5,5,3,4,4,6,3,7,5,"Papa"
"3028",4,4,3,5,3,4,4,5,4,"Romeo"
"3031",5,5,5,3,4,4,3,4,4,"Papa"
"3032",5,5,4,5,4,4,3,5,4,"Romeo"
"3033",5,4,5,4,4,6,3,6,4,"Romeo"
"3034",4,3,3,5,4,5,3,5,4,"Romeo"
"3035",3,4,6,6,5,6,4,4,3,"Sierra"
"3039",5,5,3,4,1,3,2,3,3,"Romeo"
"3040",4,4,5,4,4,5,3,4,4,"Romeo"
"3051",2,4,4,5,5,3,5,3,4,"Sierra"
"3052",5,4,4,2,5,4,3,5,5,"Romeo"
"3055",4,4,5,5,4,5,4,2,4,"Tango"
"3066",4,4,4,4,4,4,3,3,2,"Romeo"
"3073",5,4,3,4,3,3,4,3,4,"Sierra"
"3074",5,4,2,4,3,4,4,4,4,"Papa"
"3075",4,4,4,4,3,6,4,5,6,"Romeo"
"3076",5,3,4,4,3,4,5,5,4,"Sierra"
"3078",4,3,5,6,5,5,5,3,5,"Sierra"
"3082",4,5,4,7,6,3,4,4,3,"Sierra"
"3083",4,4,4,5,5,4,5,3,3,"Sierra"
"3088",5,3,4,4,4,3,4,4,3,"Romeo"
"3089",4,4,5,4,3,5,5,5,5,"Sierra"
"3091",4,3,4,3,3,5,4,4,3,"Romeo"
"3092",4,4,3,3,3,4,3,4,4,"Papa"
"3093",3,5,4,3,4,3,3,5,3,"Sierra"
"3099",4,3,3,4,4,6,5,3,5,"Romeo"
"3102",5,5,4,4,4,5,4,5,4,"Papa"
"3104",5,3,5,6,5,4,4,5,4,"Sierra"
"3105",5,4,5,4,3,3,4,4,3,"Sierra"
"3112",5,5,3,4,3,4,3,3,3,"Sierra"
"3113",4,5,5,3,4,4,5,3,2,"Tango"
"3114",4,3,4,4,4,5,4,4,4,"Romeo"
"3116",3,5,3,1,3,3,4,3,3,"Romeo"
"3118",5,3,4,3,3,5,4,4,4,"Romeo"
"3119",3,4,3,4,4,4,5,3,3,"Sierra"
"3120",5,3,3,3,4,5,4,5,5,"Romeo"
"3123",5,4,2,3,4,4,4,5,5,"Papa"
"3125",5,3,5,3,3,3,3,4,4,"Romeo"
"3129",5,4,5,4,4,6,4,4,4,"Tango"
"3132",3,2,5,5,4,3,5,2,3,"Tango"
"3139",3,4,4,3,3,4,4,4,3,"Sierra"
"3141",5,4,2,3,3,5,3,5,4,"Papa"
"3144",5,4,3,1,4,3,3,3,2,"Romeo"
"3145",3,4,4,2,4,5,3,3,3,"Romeo"
"3146",4,4,4,3,3,4,3,1,4,"Romeo"
"3148",4,6,4,5,5,5,4,3,4,"Romeo"
"3150",4,4,5,5,4,4,4,5,3,"Sierra"
"3155",5,3,3,3,3,5,5,6,5,"Papa"
"3158",2,1,3,5,4,4,5,3,2,"Romeo"
"3161",5,4,4,3,5,4,6,6,5,"Romeo"
"3169",5,4,4,4,5,5,3,4,4,"Sierra"
"3170",3,4,5,4,2,2,4,2,1,"Sierra"
"3172",5,4,5,5,5,6,4,4,4,"Romeo"
"3173",3,4,2,3,2,3,3,3,3,"Papa"
"3176",5,4,4,5,3,5,3,4,4,"Sierra"
"3177",5,5,3,3,3,6,5,4,4,"Romeo"
"3178",5,5,5,4,6,5,3,3,5,"Sierra"
"3179",3,3,2,5,2,3,5,3,4,"Sierra"
"3181",6,3,3,2,3,5,3,4,4,"Papa"
"3185",4,5,5,5,5,4,4,4,5,"Sierra"
"3186",5,5,4,5,4,5,4,5,5,"Sierra"
"3187",4,2,4,4,3,5,4,2,4,"Romeo"
"3188",4,3,3,2,1,4,4,3,4,"Papa"
"3189",5,5,4,3,4,6,5,3,3,"Sierra"
"3191",4,4,4,4,4,4,3,3,3,"Romeo"
"3193",4,3,4,4,3,4,3,4,3,"Sierra"
"3196",5,5,3,3,3,5,3,3,3,"Papa"
"3198",4,2,5,3,3,4,4,4,2,"Romeo"
"3203",4,4,3,4,5,4,4,5,3,"Sierra"
"3207",3,3,5,4,3,4,3,4,3,"Sierra"
"3210",3,3,4,4,5,5,3,5,4,"Papa"
"3211",4,3,4,4,4,4,4,3,5,"Romeo"
"3212",5,5,6,5,5,4,5,1,3,"Tango"
"3218",4,5,2,4,3,4,3,4,4,"Romeo"
"3220",3,4,3,3,4,4,2,5,3,"Romeo"
"3221",3,4,1,3,3,2,4,3,3,"Romeo"
"3224",6,5,6,3,5,6,3,5,4,"Papa"
"3225",5,3,4,3,4,6,3,2,5,"Papa"
"3231",3,2,3,2,2,5,3,4,5,"Papa"
"3235",5,5,4,5,5,6,5,3,4,"Sierra"
"3237",4,5,4,3,4,2,4,3,2,"Romeo"
"3238",5,4,4,3,4,4,4,4,5,"Romeo"
"3241",6,5,5,4,4,4,3,3,3,"Sierra"
"3243",6,2,2,3,2,5,3,5,5,"Papa"
"3246",5,5,4,5,4,3,4,4,4,"Romeo"
"3250",6,4,2,5,4,3,4,3,4,"Romeo"
"3253",3,4,4,4,3,5,5,5,2,"Tango"
"3255",4,2,5,4,4,4,5,6,5,"Sierra"
"3256",4,5,4,4,5,5,4,4,4,"Romeo"
"3257",4,3,5,2,3,4,5,4,4,"Sierra"
"3261",5,4,5,4,5,4,5,2,3,"Tango"
"3264",5,5,4,5,3,5,4,5,5,"Papa"
"3267",3,4,4,5,4,5,4,3,4,"Romeo"
"3271",5,6,4,3,3,4,3,6,4,"Romeo"
"3274",3,1,2,3,3,4,4,4,3,"Papa"
"3275",4,5,4,4,4,4,4,3,5,"Sierra"
"3279",4,4,5,6,4,5,4,4,4,"Romeo"
"3283",4,3,3,4,3,4,3,3,4,"Sierra"
"3284",4,4,5,4,4,5,5,3,3,"Romeo"
"3286",5,5,5,6,5,4,5,5,4,"Sierra"
"3290",7,6,4,4,3,5,4,4,4,"Papa"
"3293",4,3,2,4,3,4,5,3,4,"Papa"
"3296",3,4,3,3,4,4,3,2,3,"Sierra"
"3297",4,2,4,4,4,4,4,2,3,"Sierra"
"3298",4,5,5,4,5,5,5,4,3,"Sierra"
"3302",4,2,5,5,4,3,5,4,4,"Romeo"
"3305",4,3,3,3,3,4,3,4,4,"Papa"
"3307",3,3,3,4,3,3,2,5,4,"Romeo"
"3308",4,5,4,5,3,6,5,4,3,"Papa"
"3309",4,2,4,4,4,4,6,3,3,"Tango"
"3311",3,5,5,4,6,2,4,3,2,"Tango"
"3312",5,4,3,4,4,5,4,4,4,"Romeo"
"3313",5,4,7,4,6,3,6,4,3,"Sierra"
"3316",4,4,4,5,4,5,5,4,4,"Romeo"
"3320",3,4,5,4,3,4,4,4,4,"Romeo"
"3321",5,4,6,6,5,4,5,4,4,"Tango"
"3322",4,3,3,5,4,4,4,6,5,"Sierra"
"3324",3,4,5,5,5,3,4,3,3,"Tango"
"3326",4,4,4,4,4,4,4,4,4,"Romeo"
"3328",4,4,5,4,3,5,5,3,3,"Romeo"
"3330",4,2,5,3,3,4,5,3,4,"Sierra"
"3331",4,5,4,6,4,2,5,4,3,"Romeo"
"3335",4,3,4,4,4,2,4,2,3,"Romeo"
"3336",4,4,6,4,4,5,5,4,6,"Romeo"
"3339",5,4,3,4,4,3,5,3,2,"Romeo"
"3340",3,5,4,3,5,5,2,4,3,"Sierra"
"3350",5,5,5,4,4,5,3,3,4,"Sierra"
"3351",4,4,6,5,5,4,4,4,3,"Sierra"
"3352",3,3,3,5,4,4,4,4,3,"Sierra"
"3354",4,4,2,4,4,5,4,4,4,"Papa"
"3356",4,4,3,4,4,4,3,3,2,"Tango"
"3359",5,4,3,4,5,3,5,3,3,"Tango"
"3366",4,1,3,4,3,5,5,4,5,"Papa"
"3367",5,4,4,6,5,4,4,5,3,"Sierra"
"3368",3,3,4,4,3,4,6,4,3,"Romeo"
"3369",2,3,5,4,5,5,6,5,5,"Romeo"
"3370",3,2,6,3,6,3,4,3,4,"Tango"
"3374",5,4,3,2,4,4,5,5,4,"Sierra"
"3375",5,6,5,5,3,6,2,4,4,"Sierra"
"3376",5,5,4,4,4,5,4,5,5,"Sierra"
"3379",4,3,7,3,5,4,4,3,4,"Sierra"
"3381",4,2,3,3,2,5,3,6,4,"Papa"
"3382",5,2,3,3,2,3,5,5,4,"Papa"
"3384",4,3,4,5,3,3,4,4,4,"Romeo"
"3386",5,3,5,4,3,5,4,5,4,"Sierra"
"3388",5,4,4,6,5,4,6,5,5,"Romeo"
"3389",4,4,4,5,3,3,5,3,4,"Romeo"
"3390",4,4,4,4,5,3,5,3,3,"Sierra"
"3391",4,5,6,3,3,3,5,2,2,"Sierra"
"3392",5,3,4,4,6,5,4,3,3,"Romeo"
"3395",2,3,5,4,3,4,4,3,3,"Romeo"
"3396",5,4,6,4,3,4,5,4,4,"Romeo"
"3397",4,5,4,5,5,5,4,6,5,"Tango"
"3398",4,4,6,3,4,4,3,3,3,"Sierra"
"3399",5,5,4,5,3,4,6,5,4,"Tango"
"3406",5,6,6,3,4,4,4,5,4,"Sierra"
"3410",5,5,4,3,4,4,5,5,4,"Romeo"
"3414",4,4,6,3,4,6,4,6,4,"Romeo"
"3418",4,4,5,4,4,3,4,3,3,"Romeo"
"3420",5,3,4,4,5,5,6,3,5,"Sierra"
"3423",4,5,2,4,4,2,3,5,5,"Papa"
"3424",4,5,3,5,4,6,3,5,5,"Papa"
"3425",4,4,5,5,5,3,4,3,2,"Sierra"
"3426",3,4,5,4,4,3,5,3,4,"Sierra"
"3427",4,4,4,4,4,4,4,4,4,"Tango"
"3428",5,4,6,3,5,5,4,4,4,"Sierra"
"3431",5,3,4,4,5,7,7,5,4,"Sierra"
"3433",3,3,4,3,3,3,5,4,3,"Romeo"
"3435",4,3,3,2,2,4,3,4,4,"Sierra"
"3438",4,4,3,4,1,5,3,3,4,"Papa"
"3440",4,4,5,4,7,5,5,2,4,"Sierra"
"3441",4,2,6,5,4,5,4,5,5,"Papa"
"3442",4,4,5,5,3,4,5,4,2,"Tango"
"3444",4,5,4,4,3,4,4,5,5,"Sierra"
"3450",4,5,5,4,3,3,4,2,4,"Romeo"
"3457",4,4,4,4,3,5,3,3,4,"Romeo"
"3461",4,4,2,2,3,4,5,6,3,"Romeo"
"3463",4,3,5,2,3,6,4,4,4,"Papa"
"3466",3,3,4,4,4,4,4,4,4,"Romeo"
"3468",5,2,5,2,3,4,3,5,2,"Romeo"
"3476",6,6,6,4,4,4,5,5,4,"Tango"
"3479",4,3,3,4,4,3,5,2,4,"Sierra"
"3480",2,2,4,5,6,5,4,3,2,"Romeo"
"3481",4,4,4,4,5,3,5,3,3,"Tango"
"3483",4,2,3,5,2,4,5,4,4,"Papa"
"3495",3,4,4,3,4,3,4,4,3,"Romeo"
"3497",4,4,3,4,2,5,4,4,5,"Romeo"
"3507",3,4,4,4,3,5,4,4,3,"Papa"
"3508",4,4,5,4,3,4,4,6,2,"Romeo"
"3511",5,4,4,5,4,4,4,5,4,"Sierra"
"3512",5,4,3,4,3,5,4,4,4,"Sierra"
"3513",5,4,4,5,5,5,5,4,4,"Sierra"
"3515",4,4,4,5,5,4,5,2,2,"Sierra"
"3517",5,5,4,4,5,6,2,3,5,"Romeo"
"3518",2,3,4,3,3,3,3,1,2,"Sierra"
"3519",5,5,5,4,4,4,5,4,4,"Tango"
"3520",6,6,6,5,4,3,4,3,3,"Sierra"
"3521",3,3,4,5,4,3,4,3,4,"Romeo"
"3523",4,3,5,3,5,5,5,3,5,"Romeo"
"3525",5,4,5,4,4,3,6,4,3,"Tango"
"3526",5,4,4,5,3,6,4,4,5,"Sierra"
"3528",3,3,5,4,4,4,4,4,4,"Sierra"
"3529",4,3,5,5,4,3,5,4,3,"Sierra"
"3530",5,5,3,4,3,3,4,4,3,"Romeo"
"3531",4,4,4,5,5,2,5,2,4,"Tango"
"3537",5,5,4,3,2,3,4,4,4,"Romeo"
"3538",3,3,4,5,5,4,4,2,5,"Romeo"
"3540",4,4,4,4,5,4,5,6,5,"Papa"
"3544",3,4,4,4,4,4,4,4,4,"Romeo"
"3546",4,3,4,6,5,4,3,4,3,"Sierra"
"3547",5,4,5,5,4,5,4,5,4,"Romeo"
"3548",2,3,3,3,5,4,5,4,4,"Papa"
"3550",5,5,1,4,3,4,4,3,5,"Romeo"
"3553",6,4,4,4,5,4,6,6,4,"Sierra"
"3555",4,4,3,5,4,4,3,4,4,"Sierra"
"3557",4,4,3,1,2,6,3,4,3,"Papa"
"3558",5,3,4,3,4,4,4,3,3,"Romeo"
"3560",5,4,4,5,4,3,3,4,4,"Sierra"
"3562",6,4,4,3,4,5,5,6,3,"Romeo"
"3563",5,5,5,4,5,4,5,3,3,"Sierra"
"3567",5,4,4,6,4,6,3,4,3,"Sierra"
"3569",4,4,4,3,4,5,4,4,4,"Tango"
"3572",5,5,5,5,5,4,4,4,4,"Sierra"
"3573",5,4,6,4,5,4,6,3,3,"Tango"
"3574",5,4,2,2,2,5,2,5,3,"Papa"
"3577",4,3,6,3,6,4,4,3,4,"Sierra"
"3578",2,2,5,3,6,4,4,3,5,"Romeo"
"3581",5,4,5,4,4,6,5,4,4,"Papa"
"3583",4,4,4,4,5,4,5,3,1,"Tango"
"3589",5,4,5,4,4,5,6,3,3,"Romeo"
"3591",4,4,3,2,3,3,5,2,4,"Romeo"
"3592",5,4,3,4,4,5,3,3,2,"Romeo"
"3594",5,5,2,4,3,2,4,3,2,"Romeo"
"3596",3,4,4,3,4,5,3,4,2,"Sierra"
"3598",2,3,4,4,4,4,4,5,3,"Sierra"
"3599",3,3,3,3,3,4,4,5,3,"Sierra"
"3604",4,4,3,4,4,4,5,4,4,"Romeo"
"3609",4,3,3,3,4,5,4,4,5,"Papa"
"3611",5,4,4,4,2,4,3,5,3,"Romeo"
"3612",2,3,5,3,4,4,4,4,3,"Sierra"
"3617",5,3,5,4,4,5,3,4,4,"Romeo"
"3619",4,6,3,4,6,4,4,4,3,"Tango"
"3620",4,3,5,4,5,5,4,5,4,"Sierra"
"3621",4,5,5,5,5,6,5,5,4,"Sierra"
"3622",4,2,3,5,4,5,4,6,4,"Romeo"
"3629",5,5,3,4,3,4,4,4,4,"Sierra"
"3633",4,3,5,4,4,4,4,4,3,"Sierra"
"3637",5,4,3,3,4,4,4,5,4,"Sierra"
"3638",4,4,4,4,2,3,4,4,2,"Tango"
"3640",4,3,4,5,3,6,3,4,5,"Romeo"
"3644",4,5,3,3,3,4,3,4,4,"Romeo"
"3645",4,4,2,4,5,5,3,4,3,"Tango"
"3648",3,4,5,4,5,4,4,3,4,"Romeo"
"3654",3,5,4,4,3,4,3,4,3,"Romeo"
"3655",3,3,3,3,4,3,3,2,4,"Sierra"
"3657",4,2,2,5,4,6,4,4,4,"Papa"
"3660",5,4,4,4,4,4,4,3,3,"Sierra"
"3661",4,3,5,5,4,6,5,4,3,"Papa"
"3663",5,7,4,4,4,5,3,5,5,"Sierra"
"3664",5,2,5,5,6,5,4,4,6,"Romeo"
"3665",4,3,5,5,5,4,4,4,4,"Sierra"
"3668",5,5,5,5,5,5,4,5,4,"Romeo"
"3669",6,6,5,4,4,5,5,5,5,"Sierra"
"3670",3,4,3,3,3,4,3,1,4,"Papa"
"3671",3,2,3,4,3,5,4,4,4,"Papa"
"3674",5,5,3,4,3,4,5,2,3,"Sierra"
"3675",4,6,4,5,4,3,4,3,4,"Sierra"
"3678",4,3,2,4,2,5,3,5,5,"Romeo"
"3681",5,5,4,3,5,5,4,5,4,"Sierra"
"3684",6,5,5,4,3,4,3,5,4,"Sierra"
"3685",4,4,5,4,3,4,3,4,3,"Romeo"
"3690",5,4,5,4,3,4,3,4,4,"Romeo"
"3691",5,5,5,3,2,6,4,6,6,"Papa"
"3702",5,5,6,5,5,5,6,5,5,"Sierra"
"3703",5,4,3,1,3,5,4,4,4,"Papa"
"3706",5,4,5,6,4,4,3,5,3,"Romeo"
"3708",4,3,4,3,5,4,3,3,3,"Romeo"
"3712",4,3,3,3,5,4,4,3,3,"Romeo"
"3719",4,2,4,3,2,6,2,4,3,"Sierra"
"3720",5,4,3,4,3,4,5,3,4,"Romeo"
"3726",5,4,4,4,4,4,5,4,3,"Sierra"
"3729",5,4,5,5,4,3,5,2,3,"Tango"
"3733",6,3,4,3,4,4,4,4,4,"Romeo"
"3737",4,5,5,4,4,4,4,4,4,"Romeo"
"3738",5,3,3,5,4,5,4,3,5,"Romeo"
"3739",5,4,4,2,2,5,4,4,3,"Romeo"
"3740",6,6,5,4,4,4,3,4,3,"Sierra"
"3743",2,1,3,3,3,4,3,4,3,"Papa"
"3745",5,3,5,3,4,5,3,4,4,"Romeo"
"3748",4,5,4,5,4,5,5,3,3,"Papa"
"3753",5,4,5,3,4,7,4,5,7,"Papa"
"3755",5,5,3,3,4,4,3,4,3,"Romeo"
"3757",4,5,3,3,5,3,4,6,4,"Sierra"
"3758",4,3,3,3,2,5,3,2,3,"Papa"
"3759",5,5,4,5,3,4,4,4,4,"Sierra"
"3761",4,4,5,4,4,4,3,4,4,"Romeo"
"3764",5,4,3,3,5,4,4,4,3,"Romeo"
"3770",4,3,4,2,4,6,3,4,4,"Papa"
"3771",3,3,5,3,3,5,3,4,4,"Romeo"
"3773",3,4,3,3,4,4,3,4,3,"Tango"
"3774",4,4,4,4,3,5,4,5,4,"Papa"
"3777",3,4,6,4,4,4,4,3,3,"Sierra"
"3782",3,4,3,4,5,4,5,4,5,"Romeo"
"3784",3,2,4,4,2,4,4,4,4,"Sierra"
"3788",5,6,6,5,5,4,4,4,4,"Romeo"
"3789",4,2,4,4,5,5,5,3,2,"Sierra"
"3793",4,3,4,4,4,3,3,4,4,"Romeo"
"3794",4,4,5,5,5,6,5,5,3,"Romeo"
"3795",5,4,4,3,3,5,3,4,4,"Romeo"
"3797",6,5,6,3,4,4,6,2,4,"Romeo"
"3800",4,3,3,4,4,5,3,4,5,"Papa"
"3801",4,4,3,4,4,3,4,4,4,"Romeo"
"3803",4,3,4,3,5,5,3,4,3,"Sierra"
"3808",5,3,5,3,3,7,5,6,5,"Papa"
"3813",3,5,4,5,5,5,4,4,3,"Sierra"
"3814",3,4,4,5,3,3,2,2,2,"Papa"
"3816",5,5,4,5,5,5,3,3,4,"Sierra"
"3817",3,4,4,4,4,6,4,5,5,"Papa"
"3821",3,3,4,3,4,4,3,4,2,"Sierra"
"3822",5,6,5,5,5,4,5,3,3,"Tango"
"3826",6,6,4,4,2,4,3,3,5,"Romeo"
"3828",3,2,6,3,5,4,4,4,4,"Romeo"
"3830",3,3,2,3,2,2,4,4,4,"Romeo"
"3836",4,4,3,4,4,4,4,6,3,"Sierra"
"3840",4,3,4,4,4,3,4,4,3,"Sierra"
"3841",5,4,5,3,5,4,4,3,3,"Tango"
"3845",6,5,5,6,4,5,6,5,4,"Sierra"
"3849",5,5,4,3,2,5,4,5,4,"Papa"
"3850",5,4,4,4,4,4,2,3,4,"Romeo"
"3851",7,4,6,4,5,5,4,4,5,"Tango"
"3852",4,2,4,4,5,4,5,3,3,"Sierra"
"3854",4,3,4,3,3,5,6,2,2,"Sierra"
"3857",4,3,4,6,3,3,4,4,2,"Papa"
"3858",4,3,4,4,4,3,4,5,4,"Sierra"
"3860",3,5,4,4,4,4,5,3,2,"Sierra"
"3861",4,3,3,3,2,4,5,2,2,"Romeo"
"3865",4,3,5,4,5,5,4,3,3,"Tango"
"3866",4,4,4,5,4,5,3,5,4,"Romeo"
"3868",4,4,5,3,2,3,4,3,2,"Sierra"
"3869",4,2,2,4,3,6,3,4,5,"Romeo"
"3872",5,4,4,3,3,3,2,5,4,"Papa"
"3874",4,4,5,5,5,3,3,4,4,"Papa"
"3878",6,4,5,4,3,5,4,4,5,"Sierra"
"3888",4,5,5,5,5,5,4,3,3,"Sierra"
"3889",4,4,4,2,1,2,4,4,3,"Sierra"
"3895",4,5,4,5,2,3,3,3,3,"Romeo"
"3896",5,5,4,3,4,6,5,5,4,"Romeo"
"3900",4,3,6,4,4,5,4,4,4,"Romeo"
"3901",4,3,6,5,5,4,4,4,5,"Sierra"
"3906",4,4,4,3,4,4,2,5,3,"Papa"
"3907",4,4,5,5,5,4,3,4,4,"Sierra"
"3910",5,5,4,3,5,4,4,3,3,"Sierra"
"3913",3,4,4,4,5,4,4,4,3,"Romeo"
"3916",5,5,5,5,5,7,3,6,5,"Sierra"
"3918",4,4,3,4,5,4,4,4,5,"Papa"
"3919",3,3,3,3,3,5,3,6,5,"Papa"
"3921",4,4,4,5,6,4,4,4,3,"Sierra"
"3924",2,2,3,3,4,3,3,3,3,"Papa"
"3930",5,4,4,3,4,2,5,2,3,"Romeo"
"3933",4,3,5,6,5,4,5,4,4,"Tango"
"3934",4,3,5,4,5,5,4,3,3,"Sierra"
"3935",4,4,3,4,5,4,4,5,5,"Papa"
"3938",6,6,3,3,4,5,4,4,4,"Romeo"
"3943",5,4,4,3,4,4,3,3,3,"Papa"
"3944",5,6,4,4,2,5,5,4,3,"Tango"
"3945",3,2,4,3,3,5,5,3,2,"Romeo"
"3948",5,4,3,4,3,6,2,4,5,"Romeo"
"3951",5,5,5,3,4,5,4,5,4,"Romeo"
"3956",4,4,4,3,4,3,3,4,2,"Tango"
"3960",4,3,3,4,2,1,4,1,1,"Tango"
"3961",5,3,5,5,6,3,4,4,4,"Sierra"
"3962",4,4,4,3,4,5,2,5,3,"Romeo"
"3965",5,3,3,3,4,4,3,3,4,"Romeo"
"3968",5,3,5,5,4,5,5,4,4,"Tango"
"3969",3,3,2,2,1,3,3,5,4,"Papa"
"3971",3,2,3,3,2,4,5,3,3,"Sierra"
"3972",4,4,3,3,5,3,4,5,4,"Papa"
"3977",5,6,4,3,5,4,4,4,3,"Tango"
"3983",4,4,5,3,6,4,5,2,4,"Sierra"
"3984",4,3,4,5,4,4,4,3,4,"Sierra"
"3986",5,5,4,6,4,4,4,3,3,"Romeo"
"3987",3,2,5,5,5,4,4,6,4,"Papa"
"3989",5,4,5,3,4,5,4,3,5,"Romeo"
"3990",5,4,4,4,4,4,3,3,4,"Romeo"
"3991",4,3,3,3,3,5,4,5,4,"Papa"
"3994",5,2,3,3,4,5,4,5,5,"Sierra"
"3996",3,2,6,5,4,5,4,3,4,"Romeo"
"4000",5,6,5,5,5,4,5,4,4,"Sierra"
"4001",5,3,5,4,4,3,5,3,3,"Sierra"
"4002",5,4,6,5,5,5,6,5,5,"Romeo"
"4009",4,3,2,4,2,4,3,2,4,"Papa"
"4010",4,4,4,4,4,4,3,3,5,"Romeo"
"4012",4,6,4,4,3,4,3,2,3,"Tango"
"4014",4,4,4,4,2,4,3,4,4,"Romeo"
"4015",5,4,4,4,3,5,5,3,3,"Sierra"
"4017",4,4,3,4,5,5,4,4,5,"Romeo"
"4021",4,4,4,5,6,2,5,3,3,"Tango"
"4022",5,6,3,6,3,3,2,3,3,"Sierra"
"4028",6,4,4,4,3,4,2,4,3,"Romeo"
"4029",5,4,3,4,2,4,4,3,3,"Papa"
"4030",3,3,5,6,5,5,5,5,4,"Sierra"
"4031",5,4,3,3,2,4,5,5,3,"Sierra"
"4032",3,3,4,3,4,4,5,3,4,"Sierra"
"4033",5,5,4,4,5,5,2,3,4,"Romeo"
"4036",4,5,4,5,4,4,4,5,5,"Sierra"
"4040",4,3,4,5,4,5,4,3,5,"Romeo"
"4041",5,3,2,3,3,4,3,6,6,"Papa"
"4044",4,3,4,3,3,4,5,4,3,"Sierra"
"4049",7,6,5,4,3,5,3,4,6,"Papa"
"4054",3,3,4,5,5,3,4,4,4,"Romeo"
"4056",4,4,4,6,5,7,4,5,4,"Sierra"
"4059",4,3,5,5,4,5,5,4,5,"Papa"
"4063",6,4,5,3,4,5,4,4,4,"Tango"
"4065",3,3,5,5,5,3,4,4,5,"Sierra"
"4067",3,5,4,4,4,3,5,2,2,"Tango"
"4068",5,4,4,5,4,5,3,5,5,"Papa"
"4073",2,4,4,4,5,3,4,5,4,"Sierra"
"4079",3,5,3,3,2,3,5,3,3,"Sierra"
"4082",3,4,3,3,2,4,4,3,3,"Sierra"
"4083",4,4,3,4,6,3,5,2,2,"Tango"
"4084",5,2,5,4,4,5,4,3,4,"Romeo"
"4087",5,5,4,5,5,4,4,3,5,"Romeo"
"4091",4,2,5,5,4,7,5,5,6,"Papa"
"4096",4,3,4,4,3,6,4,3,4,"Sierra"
"4098",4,2,5,5,5,5,4,5,3,"Romeo"
"4100",4,4,6,6,6,5,6,4,5,"Sierra"
"4101",4,3,6,4,6,4,5,4,3,"Sierra"
"4105",4,3,4,4,4,3,4,4,2,"Sierra"
"4106",5,3,4,2,5,4,5,4,4,"Romeo"
"4108",4,4,4,3,5,5,4,5,4,"Sierra"
"4109",4,3,4,5,4,4,4,5,2,"Romeo"
"4112",6,3,4,3,3,6,3,2,4,"Sierra"
"4117",4,4,5,4,4,5,4,7,6,"Romeo"
"4119",3,4,4,3,5,3,5,3,3,"Sierra"
"4125",5,6,4,3,3,3,4,4,5,"Sierra"
"4126",5,5,4,4,4,3,3,4,5,"Sierra"
"4129",6,4,3,4,4,4,4,5,6,"Papa"
"4130",4,4,5,4,4,5,4,5,4,"Romeo"
"4132",4,3,5,5,3,4,4,5,3,"Sierra"
"4133",6,3,4,4,4,4,5,4,4,"Sierra"
"4134",4,4,4,4,3,5,4,4,4,"Romeo"
"4135",4,3,4,3,1,7,4,5,5,"Romeo"
"4136",6,3,2,4,5,3,3,5,4,"Papa"
"4142",5,3,4,5,1,6,3,4,4,"Sierra"
"4145",4,4,2,3,3,3,2,4,2,"Papa"
"4146",2,3,3,4,6,4,4,4,5,"Sierra"
"4148",5,3,3,3,2,5,3,5,3,"Papa"
"4151",3,2,5,4,3,4,2,4,4,"Papa"
"4153",4,6,4,4,4,4,5,4,3,"Romeo"
"4156",3,3,4,6,4,4,4,4,3,"Sierra"
"4159",4,4,4,5,4,4,6,3,2,"Sierra"
"4162",5,4,4,4,3,3,5,3,3,"Tango"
"4164",5,4,4,3,3,4,3,5,4,"Romeo"
"4166",4,2,4,5,4,5,5,4,5,"Papa"
"4167",5,5,7,4,6,5,4,3,5,"Tango"
"4170",5,4,4,4,4,3,4,5,3,"Tango"
"4171",4,3,3,3,3,5,5,4,5,"Romeo"
"4173",3,4,4,4,7,5,4,2,3,"Tango"
"4176",6,5,5,4,4,5,4,6,4,"Romeo"
"4178",5,4,5,5,4,6,6,4,4,"Sierra"
"4180",4,4,4,4,4,4,5,2,4,"Romeo"
"4187",3,3,4,4,4,6,5,3,4,"Romeo"
"4190",6,5,4,4,3,4,5,4,4,"Romeo"
"4191",3,5,4,3,2,3,5,4,3,"Sierra"
"4193",4,3,3,3,3,5,2,4,2,"Sierra"
"4194",4,3,7,3,6,4,5,4,3,"Romeo"
"4195",5,4,6,6,5,5,4,4,4,"Romeo"
"4197",4,3,4,4,5,4,3,5,5,"Sierra"
"4198",3,4,5,5,4,3,4,3,4,"Tango"
"4200",5,3,6,4,4,6,5,4,4,"Tango"
"4202",4,3,2,2,3,4,4,6,5,"Papa"
"4204",4,5,5,6,6,4,5,3,4,"Tango"
"4206",3,3,4,2,3,5,3,3,4,"Sierra"
"4207",4,3,4,4,5,3,5,5,2,"Romeo"
"4209",3,3,5,4,5,5,3,4,4,"Sierra"
"4210",4,5,3,5,3,4,6,3,3,"Sierra"
"4211",6,5,3,4,5,6,4,5,5,"Romeo"
"4212",4,4,4,5,3,4,3,4,5,"Romeo"
"4213",5,4,3,4,3,6,4,5,3,"Papa"
"4214",4,3,4,5,2,5,4,4,5,"Papa"
"4215",3,2,5,3,6,4,5,4,4,"Sierra"
"4217",5,2,3,5,4,4,5,3,5,"Sierra"
"4220",5,4,4,5,4,4,4,4,3,"Sierra"
"4221",5,4,6,4,6,4,4,2,4,"Tango"
"4223",5,3,5,5,6,4,4,4,4,"Sierra"
"4225",4,2,5,4,5,4,3,4,4,"Sierra"
"4226",5,4,4,3,3,5,5,4,3,"Romeo"
"4227",4,3,5,5,4,5,5,5,5,"Sierra"
"4236",4,3,5,4,3,4,5,4,2,"Sierra"
"4238",6,4,5,3,3,5,4,5,4,"Romeo"
"4245",4,3,5,5,4,4,5,3,4,"Romeo"
"4246",4,4,4,4,2,3,3,5,5,"Papa"
"4249",3,3,6,5,6,5,4,5,4,"Tango"
"4250",3,3,3,1,4,3,5,2,1,"Romeo"
"4252",5,4,3,3,3,5,4,5,4,"Sierra"
"4253",5,6,3,3,3,6,3,5,4,"Sierra"
"4254",4,4,4,4,4,6,6,3,4,"Romeo"
"4258",4,6,5,4,3,4,5,3,2,"Romeo"
"4259",3,4,5,4,4,4,5,2,4,"Sierra"
"4260",4,3,4,5,4,4,3,2,3,"Sierra"
"4265",4,4,4,4,3,4,4,5,4,"Romeo"
"4267",5,3,6,6,5,5,4,4,5,"Tango"
"4270",5,5,5,4,3,5,4,5,3,"Romeo"
"4272",4,5,5,3,2,3,4,3,4,"Sierra"
"4273",4,2,3,4,4,3,3,2,2,"Romeo"
"4275",5,4,5,4,4,4,5,5,5,"Tango"
"4277",5,4,4,4,6,5,3,5,5,"Romeo"
"4278",4,3,3,4,3,4,5,4,4,"Romeo"
"4280",3,3,5,5,4,5,5,4,3,"Romeo"
"4281",5,4,5,4,4,4,5,3,3,"Sierra"
"4282",4,5,4,4,3,5,4,3,4,"Romeo"
"4283",5,6,4,4,3,5,4,5,5,"Sierra"
"4285",4,5,4,6,3,3,5,2,2,"Sierra"
"4286",4,2,4,4,5,4,3,4,3,"Romeo"
"4291",4,2,3,3,4,4,3,3,4,"Romeo"
"4294",6,5,3,2,3,5,4,4,5,"Papa"
"4297",4,4,2,3,3,3,2,5,4,"Romeo"
"4298",3,4,4,4,3,5,4,3,4,"Romeo"
"4301",3,3,4,4,4,3,4,4,4,"Romeo"
"4302",4,3,4,3,2,4,4,4,3,"Romeo"
"4303",5,4,4,4,3,4,2,5,5,"Sierra"
"4304",3,3,2,2,2,4,3,3,2,"Papa"
"4307",7,7,4,3,3,4,5,4,4,"Tango"
"4309",5,4,4,4,4,5,4,5,4,"Sierra"
"4310",6,3,4,3,4,6,3,7,4,"Romeo"
"4312",3,4,5,4,4,6,3,5,5,"Romeo"
"4315",5,5,4,2,3,6,5,3,4,"Romeo"
"4316",4,4,5,4,5,2,5,3,5,"Tango"
"4317",4,2,4,3,4,5,4,5,4,"Papa"
"4319",3,3,5,5,4,5,4,3,3,"Sierra"
"4320",6,5,5,4,5,4,4,5,5,"Sierra"
"4326",5,4,5,5,4,4,5,3,3,"Sierra"
"4328",4,4,5,7,5,4,6,2,3,"Tango"
"4330",6,4,3,4,3,5,5,5,4,"Papa"
"4331",3,4,6,4,6,3,5,3,3,"Sierra"
"4337",5,3,1,2,2,3,5,4,4,"Romeo"
"4339",4,4,3,4,5,4,6,2,4,"Romeo"
"4348",4,5,3,3,4,4,4,5,3,"Romeo"
"4349",6,5,3,4,2,4,3,5,4,"Romeo"
"4351",5,5,3,4,4,5,5,4,3,"Romeo"
"4352",5,5,6,4,4,5,6,5,4,"Tango"
"4353",5,4,4,3,2,4,4,4,4,"Romeo"
"4354",5,3,5,4,5,3,4,4,4,"Sierra"
"4357",5,5,5,7,5,5,6,4,4,"Tango"
"4358",4,4,3,5,2,4,4,3,4,"Romeo"
"4359",5,5,3,2,2,5,4,5,3,"Papa"
"4361",4,4,5,4,5,4,5,5,3,"Sierra"
"4364",4,4,4,4,5,4,4,5,5,"Romeo"
"4365",5,5,3,6,3,4,2,5,4,"Papa"
"4366",3,5,3,4,4,4,3,3,3,"Sierra"
"4367",5,3,7,4,4,5,5,5,5,"Sierra"
"4368",4,5,4,3,4,2,4,2,4,"Sierra"
"4376",5,3,5,4,5,3,3,2,3,"Romeo"
"4379",4,3,5,3,3,5,4,5,5,"Sierra"
"4380",4,5,4,5,3,4,3,4,5,"Romeo"
"4381",4,3,4,2,4,4,3,4,3,"Tango"
"4382",4,4,4,3,5,3,4,5,4,"Sierra"
"4383",6,5,3,3,4,3,3,5,4,"Romeo"
"4384",3,5,3,3,3,3,3,3,2,"Romeo"
"4385",3,1,4,4,4,4,3,3,4,"Sierra"
"4386",4,4,4,5,5,5,5,5,3,"Romeo"
"4387",6,5,3,2,4,4,4,4,4,"Romeo"
"4392",4,2,4,3,3,5,4,5,4,"Papa"
"4395",6,6,3,4,4,4,5,3,1,"Sierra"
"4396",5,4,4,3,3,5,6,5,5,"Romeo"
"4397",5,5,3,3,4,5,3,3,2,"Romeo"
"4401",6,3,4,3,5,4,4,5,3,"Sierra"
"4402",4,4,4,4,4,4,4,5,3,"Romeo"
"4404",4,3,5,5,3,5,6,4,3,"Tango"
"4405",4,5,5,4,3,4,5,4,3,"Romeo"
"4406",4,5,4,4,4,5,4,5,5,"Papa"
"4409",3,3,4,3,3,3,4,3,4,"Romeo"
"4410",4,5,5,4,3,3,5,3,2,"Sierra"
"4411",3,2,4,5,5,4,5,4,4,"Romeo"
"4414",4,5,3,4,2,5,3,3,4,"Romeo"
"4416",4,3,5,5,5,5,4,5,4,"Sierra"
"4420",5,5,3,3,4,3,4,3,3,"Sierra"
"4421",6,3,3,4,3,6,6,5,5,"Papa"
"4424",4,3,4,4,4,5,3,2,4,"Tango"
"4426",6,5,6,5,4,5,3,4,3,"Sierra"
"4428",5,4,3,3,3,4,5,3,5,"Romeo"
"4431",4,1,5,4,5,5,4,5,5,"Sierra"
"4432",4,5,3,2,5,4,5,4,5,"Sierra"
"4433",4,4,3,2,3,3,4,4,4,"Papa"
"4434",4,4,5,1,4,3,5,4,4,"Romeo"
"4436",2,1,2,3,1,3,3,4,3,"Papa"
"4446",4,3,4,5,3,4,3,4,3,"Sierra"
"4449",3,3,4,4,5,4,4,4,3,"Sierra"
"4450",5,4,6,5,5,5,4,4,3,"Sierra"
"4451",5,3,5,3,5,4,4,4,5,"Romeo"
"4452",5,5,4,4,3,3,3,5,4,"Romeo"
"4453",4,3,5,2,3,4,4,2,3,"Tango"
"4455",4,3,2,4,1,3,3,3,3,"Romeo"
"4456",2,3,5,5,4,4,6,4,3,"Sierra"
"4457",3,3,3,3,2,2,4,2,3,"Tango"
"4459",5,5,5,5,4,5,4,6,5,"Sierra"
"4460",4,5,3,4,4,4,4,4,3,"Tango"
"4462",3,5,5,7,5,4,4,3,3,"Tango"
"4463",6,5,6,6,4,5,4,6,5,"Romeo"
"4466",5,5,5,6,4,5,3,3,4,"Romeo"
"4468",5,4,3,4,2,5,4,5,4,"Romeo"
"4473",5,4,3,3,3,4,3,5,5,"Papa"
"4474",5,5,3,4,4,3,5,3,3,"Romeo"
"4476",3,2,6,6,7,4,6,4,4,"Sierra"
"4478",6,5,4,3,4,4,3,4,4,"Romeo"
"4484",5,4,4,3,4,3,3,5,3,"Sierra"
"4490",4,4,4,5,3,4,3,3,4,"Papa"
"4495",4,4,4,4,4,2,5,3,2,"Tango"
"4499",6,3,3,4,4,6,3,6,5,"Romeo"
"4500",4,3,4,4,4,4,4,4,3,"Sierra"
"4502",3,3,5,4,3,4,2,3,4,"Romeo"
"4507",4,3,4,2,4,3,3,5,4,"Romeo"
"4510",4,3,4,5,4,6,5,2,4,"Sierra"
"4511",4,4,4,3,4,5,4,4,3,"Romeo"
"4513",4,3,6,4,4,6,4,3,3,"Romeo"
"4519",4,4,4,5,4,5,5,5,5,"Sierra"
"4521",4,5,3,6,3,3,4,3,2,"Sierra"
"4525",4,3,3,3,4,3,5,3,4,"Sierra"
"4528",3,4,3,5,3,3,2,3,3,"Romeo"
"4529",4,4,2,4,3,4,4,2,3,"Romeo"
"4530",3,3,4,5,4,4,3,4,3,"Sierra"
"4531",5,5,3,3,1,4,5,3,3,"Papa"
"4532",5,5,5,3,4,6,4,4,3,"Romeo"
"4540",4,3,4,1,5,5,5,5,4,"Sierra"
"4541",7,6,4,3,4,4,5,4,4,"Sierra"
"4542",4,4,5,5,6,4,6,5,5,"Sierra"
"4547",4,5,4,3,5,3,5,2,3,"Sierra"
"4555",5,4,4,6,4,5,4,4,3,"Sierra"
"4558",2,3,3,4,4,3,2,4,3,"Romeo"
"4559",4,3,5,4,6,4,6,3,4,"Romeo"
"4561",5,4,3,3,5,4,3,4,5,"Romeo"
"4569",4,4,4,5,4,4,3,4,4,"Romeo"
"4571",4,3,4,4,3,4,4,4,3,"Papa"
"4574",6,4,5,5,5,6,4,5,5,"Papa"
"4578",5,4,4,4,2,5,3,5,4,"Papa"
"4581",4,3,5,5,4,6,4,5,6,"Romeo"
"4582",5,4,4,4,5,6,4,3,4,"Papa"
"4583",4,4,6,3,4,4,6,4,4,"Romeo"
"4586",5,5,5,4,4,4,4,3,2,"Romeo"
"4588",3,3,5,5,4,4,4,3,4,"Romeo"
"4594",5,6,3,5,3,5,5,5,4,"Romeo"
"4596",3,4,5,4,3,3,4,3,2,"Tango"
"4597",4,5,5,4,4,4,4,3,4,"Romeo"
"4598",5,5,5,4,4,3,4,2,3,"Romeo"
"4599",4,4,3,4,5,5,3,4,4,"Tango"
"4600",6,5,4,3,5,4,4,5,5,"Romeo"
"4603",4,4,3,5,5,4,4,7,4,"Sierra"
"4608",4,5,4,3,4,5,4,4,4,"Romeo"
"4609",5,4,4,2,3,5,4,6,4,"Papa"
"4614",4,4,4,5,4,5,4,4,4,"Papa"
"4615",4,4,3,4,3,3,4,2,3,"Papa"
"4622",5,5,4,4,4,6,4,5,6,"Romeo"
"4625",5,4,4,3,4,3,5,4,4,"Romeo"
"4626",6,6,2,2,3,4,5,4,3,"Sierra"
"4627",4,4,5,3,3,5,5,5,5,"Romeo"
"4628",3,4,3,4,5,4,4,4,4,"Romeo"
"4630",5,3,3,2,3,3,4,3,3,"Sierra"
"4634",4,5,3,2,3,4,3,2,3,"Romeo"
"4635",5,4,5,4,5,4,3,3,3,"Tango"
"4636",5,5,4,3,4,5,5,4,4,"Sierra"
"4639",3,4,4,4,3,5,4,3,3,"Tango"
"4647",4,5,4,3,4,5,2,4,3,"Romeo"
"4649",5,5,5,3,4,4,3,5,4,"Romeo"
"4652",5,4,6,4,5,5,5,4,5,"Sierra"
"4653",4,3,2,2,3,6,4,3,5,"Papa"
"4656",4,5,4,4,2,3,5,6,3,"Romeo"
"4659",4,4,3,2,5,4,3,6,3,"Papa"
"4660",5,3,4,5,3,4,5,4,5,"Romeo"
"4665",4,5,5,4,4,4,5,5,4,"Sierra"
"4666",4,4,4,4,4,4,4,5,4,"Sierra"
"4667",4,3,5,5,6,3,4,4,3,"Sierra"
"4672",5,4,4,3,4,4,4,4,4,"Sierra"
"4675",3,1,5,3,4,2,5,2,2,"Tango"
"4680",4,4,3,5,3,5,3,4,4,"Romeo"
"4684",4,5,3,4,3,5,3,3,3,"Romeo"
"4685",2,2,4,5,4,3,4,4,4,"Sierra"
"4688",4,4,4,4,3,2,2,4,3,"Sierra"
"4691",4,4,3,4,3,5,2,6,4,"Papa"
"4693",3,3,3,3,3,5,4,5,3,"Sierra"
"4694",3,3,4,4,3,4,4,4,3,"Romeo"
"4695",5,4,3,4,2,4,3,4,4,"Romeo"
"4696",5,4,5,5,6,5,4,5,5,"Romeo"
"4697",5,5,5,5,5,4,3,3,4,"Tango"
"4699",4,4,3,3,4,5,3,4,5,"Papa"
"4702",5,5,3,5,2,4,2,2,3,"Romeo"
"4705",4,4,5,3,3,4,5,4,4,"Sierra"
"4706",3,3,5,5,4,3,3,4,3,"Sierra"
"4708",4,3,3,5,3,3,4,6,3,"Papa"
"4709",4,4,3,4,4,4,4,2,2,"Tango"
"4712",4,3,5,5,5,5,3,5,3,"Sierra"
"4715",3,3,5,5,3,2,4,2,3,"Sierra"
"4719",2,4,3,3,4,6,4,5,5,"Papa"
"4720",7,5,4,2,4,6,3,4,4,"Romeo"
"4721",5,3,4,4,4,3,6,3,5,"Sierra"
"4725",5,4,5,5,4,5,4,5,5,"Romeo"
"4729",4,4,2,3,2,4,3,3,5,"Papa"
"4734",4,5,4,4,3,5,4,3,4,"Sierra"
"4735",6,6,3,4,6,6,4,5,4,"Tango"
"4736",7,6,3,3,4,4,4,3,4,"Tango"
"4738",6,3,4,5,5,6,4,5,6,"Romeo"
"4739",5,5,5,3,4,4,3,5,4,"Romeo"
"4740",4,4,4,2,2,5,3,4,5,"Papa"
"4746",6,5,3,5,4,5,4,7,5,"Sierra"
"4747",5,4,4,5,5,4,4,5,5,"Romeo"
"4750",6,5,5,4,4,3,5,4,4,"Sierra"
"4751",3,4,1,2,2,5,4,5,4,"Papa"
"4753",6,7,5,6,5,6,4,4,3,"Sierra"
"4754",5,4,4,3,4,5,3,4,4,"Sierra"
"4755",4,4,5,5,5,3,4,3,2,"Tango"
"4760",4,3,4,4,3,4,4,5,6,"Papa"
"4761",4,4,6,3,6,3,5,4,4,"Sierra"
"4767",5,3,4,5,4,4,4,5,3,"Sierra"
"4768",6,5,4,4,5,4,4,3,3,"Romeo"
"4769",4,4,5,5,5,4,4,4,4,"Tango"
"4770",5,4,5,4,4,4,4,3,4,"Romeo"
"4773",5,4,2,3,3,4,2,4,4,"Papa"
"4774",4,2,5,4,5,4,4,4,3,"Romeo"
"4779",5,4,6,4,4,4,5,3,5,"Sierra"
"4780",4,3,3,3,4,4,4,3,4,"Sierra"
"4785",4,3,6,6,5,4,5,4,5,"Tango"
"4788",3,2,1,3,3,3,2,5,3,"Romeo"
"4792",5,4,5,3,4,4,3,4,4,"Sierra"
"4793",5,4,3,3,4,4,5,4,4,"Romeo"
"4795",3,3,6,5,5,2,6,2,2,"Tango"
"4796",5,4,3,3,4,2,4,3,4,"Sierra"
"4797",4,4,3,3,4,7,4,4,4,"Romeo"
"4799",4,5,4,4,3,4,6,3,3,"Romeo"
"4800",3,4,6,5,4,3,5,5,4,"Romeo"
"4801",4,3,2,3,5,4,4,5,4,"Romeo"
"4802",3,3,2,2,3,4,4,3,3,"Sierra"
"4805",3,3,3,1,5,5,4,5,5,"Papa"
"4808",4,3,5,4,4,4,5,3,4,"Tango"
"4813",3,3,3,4,4,5,4,4,5,"Papa"
"4814",5,4,4,2,4,4,4,3,3,"Sierra"
"4818",6,6,5,4,4,6,4,5,3,"Romeo"
"4820",4,3,3,4,2,5,4,4,5,"Romeo"
"4821",4,3,3,4,2,4,5,4,5,"Romeo"
"4822",6,4,6,5,4,3,6,5,4,"Tango"
"4823",5,4,4,6,3,3,5,4,4,"Sierra"
"4828",4,4,4,4,3,3,3,4,3,"Romeo"
"4831",5,5,4,4,3,5,4,5,5,"Romeo"
"4834",4,5,2,3,3,6,3,5,3,"Romeo"
"4835",5,3,5,4,4,3,5,3,4,"Sierra"
"4838",5,5,5,5,5,5,4,5,4,"Sierra"
"4843",5,4,5,4,5,6,4,4,5,"Romeo"
"4844",5,3,3,4,5,4,4,5,4,"Romeo"
"4848",4,4,4,5,2,4,4,4,3,"Romeo"
"4849",5,5,5,2,5,3,5,5,4,"Sierra"
"4852",5,4,3,4,4,4,4,4,4,"Sierra"
"4853",7,4,5,5,5,6,4,5,5,"Papa"
"4854",5,6,4,5,4,4,5,5,2,"Tango"
"4856",4,5,4,3,2,5,1,5,6,"Papa"
"4857",5,4,4,3,4,4,4,4,4,"Romeo"
"4858",4,5,4,4,4,5,4,5,5,"Romeo"
"4859",5,4,4,3,5,3,3,3,4,"Romeo"
"4861",5,4,4,4,4,6,5,5,4,"Romeo"
"4862",3,5,5,4,4,5,5,5,3,"Sierra"
"4863",5,3,4,5,3,5,3,5,3,"Romeo"
"4864",4,4,3,3,4,4,2,5,4,"Sierra"
"4868",3,3,2,3,2,4,3,5,3,"Sierra"
"4870",4,5,4,4,2,4,4,3,3,"Romeo"
"4875",4,3,4,5,3,6,5,2,5,"Romeo"
"4882",4,4,5,3,5,3,4,3,2,"Tango"
"4884",5,4,5,2,3,3,4,5,4,"Sierra"
"4891",4,5,5,4,4,3,4,4,3,"Tango"
"4893",4,4,3,3,4,3,3,3,2,"Romeo"
"4894",4,4,4,4,5,5,4,4,5,"Romeo"
"4899",4,4,4,2,4,4,5,4,5,"Papa"
"4901",5,3,4,4,3,5,5,4,3,"Sierra"
"4903",4,5,4,4,4,4,5,4,2,"Sierra"
"4910",5,4,1,3,2,3,4,3,3,"Romeo"
"4911",5,3,3,3,2,3,3,6,4,"Papa"
"4912",5,3,5,5,5,6,3,5,6,"Sierra"
"4919",3,5,5,4,4,3,5,5,3,"Tango"
"4920",4,5,3,3,3,4,6,5,6,"Papa"
"4921",3,4,3,3,4,4,5,4,4,"Romeo"
"4924",4,3,4,2,4,4,3,3,3,"Papa"
"4928",6,6,6,4,4,4,4,6,4,"Sierra"
"4931",3,3,2,3,2,5,5,3,2,"Romeo"
"4933",5,4,5,3,3,4,3,3,3,"Sierra"
"4934",5,4,2,4,3,5,4,5,4,"Papa"
"4936",2,3,5,4,5,6,4,4,4,"Tango"
"4938",5,4,5,5,5,4,4,4,3,"Sierra"
"4939",4,3,6,5,5,3,7,5,3,"Sierra"
"4942",4,4,5,4,4,4,5,3,4,"Sierra"
"4945",3,4,5,5,3,3,4,2,3,"Tango"
"4951",6,4,4,3,3,5,3,3,4,"Romeo"
"4952",4,4,4,4,5,4,4,3,3,"Sierra"
"4954",4,2,5,5,4,4,4,3,4,"Romeo"
"4956",4,3,3,2,3,4,3,4,4,"Sierra"
"4959",4,3,3,3,4,4,3,3,4,"Tango"
"4966",6,5,4,4,4,5,5,4,4,"Sierra"
"4973",4,4,4,4,4,3,3,2,4,"Sierra"
"4974",3,3,5,6,5,5,4,4,3,"Tango"
"4977",3,3,3,3,4,4,3,3,3,"Papa"
"4978",2,4,3,4,3,3,4,5,3,"Sierra"
"4979",5,6,5,3,5,3,4,5,4,"Sierra"
"4989",5,3,5,3,6,6,5,3,3,"Tango"
"4991",6,4,3,4,4,4,4,5,3,"Romeo"
"4992",3,4,3,2,2,3,3,5,4,"Romeo"
"4993",6,4,3,4,3,4,4,3,4,"Sierra"
"4994",4,3,6,4,5,5,4,4,3,"Tango"
